/*
SQLyog Ultimate v12.4.3 (64 bit)
MySQL - 10.1.30-MariaDB : Database - dbsirip
*********************************************************************
*/

/*!40101 SET NAMES utf8 */;

/*!40101 SET SQL_MODE=''*/;

/*!40014 SET @OLD_UNIQUE_CHECKS=@@UNIQUE_CHECKS, UNIQUE_CHECKS=0 */;
/*!40014 SET @OLD_FOREIGN_KEY_CHECKS=@@FOREIGN_KEY_CHECKS, FOREIGN_KEY_CHECKS=0 */;
/*!40101 SET @OLD_SQL_MODE=@@SQL_MODE, SQL_MODE='NO_AUTO_VALUE_ON_ZERO' */;
/*!40111 SET @OLD_SQL_NOTES=@@SQL_NOTES, SQL_NOTES=0 */;
CREATE DATABASE /*!32312 IF NOT EXISTS*/`dbsirip` /*!40100 DEFAULT CHARACTER SET latin1 */;

USE `dbsirip`;

/*Table structure for table `det_income` */

DROP TABLE IF EXISTS `det_income`;

CREATE TABLE `det_income` (
  `ID_INCOME` varchar(15) DEFAULT NULL,
  `ID_PEGAWAI` int(11) DEFAULT NULL,
  `JML_DITERIMA` decimal(10,2) DEFAULT NULL
) ENGINE=InnoDB DEFAULT CHARSET=latin1;

/*Data for the table `det_income` */

/*Table structure for table `indeks_pegawai` */

DROP TABLE IF EXISTS `indeks_pegawai`;

CREATE TABLE `indeks_pegawai` (
  `ID_INDEKS` int(11) NOT NULL AUTO_INCREMENT,
  `ID_PEGAWAI` int(11) DEFAULT NULL,
  `ID_LEVEL` varchar(5) DEFAULT NULL,
  `ID_RUANGAN` int(11) DEFAULT NULL,
  `ID_KARIR` varchar(10) DEFAULT NULL,
  `ID_RISIKO` int(11) DEFAULT NULL,
  `ID_KET` int(11) DEFAULT NULL,
  `ID_INTENSITAS` int(11) DEFAULT NULL,
  `ID_ABSENSI` int(11) DEFAULT NULL,
  `STATUS` varchar(2) DEFAULT NULL,
  PRIMARY KEY (`ID_INDEKS`),
  KEY `NIK` (`ID_PEGAWAI`),
  KEY `ID_LEVEL` (`ID_LEVEL`),
  KEY `ID_KARIR` (`ID_KARIR`),
  KEY `ID_RISIKO` (`ID_RISIKO`),
  KEY `ID_KET` (`ID_KET`),
  KEY `ID_INTENSITAS` (`ID_INTENSITAS`),
  KEY `ID_ABSENSI` (`ID_ABSENSI`),
  KEY `ID_RUANGAN` (`ID_RUANGAN`),
  CONSTRAINT `indeks_pegawai_ibfk_2` FOREIGN KEY (`ID_LEVEL`) REFERENCES `mstr_level` (`ID_LEVEL`) ON DELETE CASCADE ON UPDATE CASCADE,
  CONSTRAINT `indeks_pegawai_ibfk_3` FOREIGN KEY (`ID_KARIR`) REFERENCES `mstr_karir` (`ID_KARIR`) ON DELETE CASCADE ON UPDATE CASCADE,
  CONSTRAINT `indeks_pegawai_ibfk_4` FOREIGN KEY (`ID_RISIKO`) REFERENCES `mstr_risiko_kerja` (`ID_RISIKO`) ON DELETE CASCADE ON UPDATE CASCADE,
  CONSTRAINT `indeks_pegawai_ibfk_5` FOREIGN KEY (`ID_KET`) REFERENCES `mstr_ket_khusus` (`ID_KET`) ON DELETE CASCADE ON UPDATE CASCADE,
  CONSTRAINT `indeks_pegawai_ibfk_6` FOREIGN KEY (`ID_INTENSITAS`) REFERENCES `mstr_intensitas` (`ID_INTENSITAS`) ON DELETE CASCADE ON UPDATE CASCADE,
  CONSTRAINT `indeks_pegawai_ibfk_7` FOREIGN KEY (`ID_ABSENSI`) REFERENCES `mstr_absensi` (`ID_ABSENSI`) ON DELETE CASCADE ON UPDATE CASCADE,
  CONSTRAINT `indeks_pegawai_ibfk_8` FOREIGN KEY (`ID_RUANGAN`) REFERENCES `mstr_ruangan` (`ID_RUANGAN`) ON DELETE CASCADE ON UPDATE CASCADE,
  CONSTRAINT `indeks_pegawai_ibfk_9` FOREIGN KEY (`ID_PEGAWAI`) REFERENCES `mstr_pegawai123` (`ID_PEGAWAI`) ON DELETE CASCADE ON UPDATE CASCADE
) ENGINE=InnoDB DEFAULT CHARSET=latin1;

/*Data for the table `indeks_pegawai` */

/*Table structure for table `mstr_absensi` */

DROP TABLE IF EXISTS `mstr_absensi`;

CREATE TABLE `mstr_absensi` (
  `ID_ABSENSI` int(11) NOT NULL AUTO_INCREMENT,
  `DESCP_ABSENSI` varchar(100) DEFAULT NULL,
  `POINT_ABSENSI` decimal(4,2) DEFAULT NULL,
  PRIMARY KEY (`ID_ABSENSI`)
) ENGINE=InnoDB AUTO_INCREMENT=6 DEFAULT CHARSET=latin1;

/*Data for the table `mstr_absensi` */

insert  into `mstr_absensi`(`ID_ABSENSI`,`DESCP_ABSENSI`,`POINT_ABSENSI`) values 
(1,'Perawat Manajer',10.00),
(2,'Penanggung Jawab',10.00),
(3,'Ketua Tim',9.00),
(4,'Pelaksana',8.00),
(5,'Pekarya',6.00);

/*Table structure for table `mstr_income` */

DROP TABLE IF EXISTS `mstr_income`;

CREATE TABLE `mstr_income` (
  `ID_INCOME` varchar(15) NOT NULL,
  `JUMLAH` double DEFAULT '0',
  `JML_HARI` decimal(4,2) DEFAULT '0.00',
  `SUM_POINT_AWAL` double DEFAULT '0',
  `TGL_INCOME` date DEFAULT NULL,
  `KETERANGAN` varchar(150) DEFAULT NULL,
  PRIMARY KEY (`ID_INCOME`)
) ENGINE=InnoDB DEFAULT CHARSET=latin1;

/*Data for the table `mstr_income` */

insert  into `mstr_income`(`ID_INCOME`,`JUMLAH`,`JML_HARI`,`SUM_POINT_AWAL`,`TGL_INCOME`,`KETERANGAN`) values 
('INC/IV/2018',0,NULL,0,NULL,NULL),
('INC/V/2018',157934048400,31.00,0,'2018-05-23',NULL),
('INC/VI/2018',0,30.00,0,'2018-06-03','');

/*Table structure for table `mstr_intensitas` */

DROP TABLE IF EXISTS `mstr_intensitas`;

CREATE TABLE `mstr_intensitas` (
  `ID_INTENSITAS` int(11) NOT NULL AUTO_INCREMENT,
  `DESCP_INTENSITAS` varchar(100) DEFAULT NULL,
  `POINT_INTENSITAS` decimal(4,2) DEFAULT NULL,
  PRIMARY KEY (`ID_INTENSITAS`)
) ENGINE=InnoDB AUTO_INCREMENT=4 DEFAULT CHARSET=latin1;

/*Data for the table `mstr_intensitas` */

insert  into `mstr_intensitas`(`ID_INTENSITAS`,`DESCP_INTENSITAS`,`POINT_INTENSITAS`) values 
(1,'Total',2.00),
(2,'Partial',1.00),
(3,'Mandiri',0.00);

/*Table structure for table `mstr_karir` */

DROP TABLE IF EXISTS `mstr_karir`;

CREATE TABLE `mstr_karir` (
  `ID_KARIR` varchar(10) NOT NULL,
  `DESCP_KARIR` varchar(50) DEFAULT NULL,
  `POINT_KARIR` decimal(4,2) NOT NULL DEFAULT '0.00',
  PRIMARY KEY (`ID_KARIR`,`POINT_KARIR`)
) ENGINE=InnoDB DEFAULT CHARSET=latin1;

/*Data for the table `mstr_karir` */

insert  into `mstr_karir`(`ID_KARIR`,`DESCP_KARIR`,`POINT_KARIR`) values 
('PK0','Pra Perawat Klnik',0.00),
('PKI','Perawat Klinik 1',1.00),
('PKII','Perawat Klinik 2',2.00),
('PKIII','Perawat Klinik 3',3.00),
('PKIV','Perawat Klnik 4',4.00);

/*Table structure for table `mstr_ket_khusus` */

DROP TABLE IF EXISTS `mstr_ket_khusus`;

CREATE TABLE `mstr_ket_khusus` (
  `ID_KET` int(11) NOT NULL AUTO_INCREMENT,
  `DESCP_KET` varchar(100) DEFAULT NULL,
  `POINT_KET` decimal(4,2) DEFAULT NULL,
  PRIMARY KEY (`ID_KET`)
) ENGINE=InnoDB AUTO_INCREMENT=6 DEFAULT CHARSET=latin1;

/*Data for the table `mstr_ket_khusus` */

insert  into `mstr_ket_khusus`(`ID_KET`,`DESCP_KET`,`POINT_KET`) values 
(1,'Pelatihan > 1 Bulan',10.00),
(2,'Pelatihan 3 Minggu - 1 Bulan',7.50),
(3,'Pelatihan 2 Minggu',5.00),
(4,'Pelatihan 1 Minggu',2.50),
(5,'Belum Ada',0.00);

/*Table structure for table `mstr_level` */

DROP TABLE IF EXISTS `mstr_level`;

CREATE TABLE `mstr_level` (
  `ID_LEVEL` varchar(5) NOT NULL,
  `DESCP_LEVEL` varchar(50) DEFAULT NULL,
  `POINT_LEVEL` decimal(4,2) DEFAULT '0.00',
  PRIMARY KEY (`ID_LEVEL`)
) ENGINE=InnoDB DEFAULT CHARSET=latin1;

/*Data for the table `mstr_level` */

insert  into `mstr_level`(`ID_LEVEL`,`DESCP_LEVEL`,`POINT_LEVEL`) values 
('CM','Kepala Bidang',35.00),
('MG','Kepala Subbidang',30.00),
('PI','Petugas Input Data',10.00),
('PJ','Penanggung Jawab',5.00),
('PK','Ketua Tim',2.50),
('PM','Kepala Ruangan',10.00),
('PP','Perawat Pelaksana',1.50),
('PY','Pekarya',1.00);

/*Table structure for table `mstr_pegawai` */

DROP TABLE IF EXISTS `mstr_pegawai`;

CREATE TABLE `mstr_pegawai` (
  `ID_PEGAWAI` int(11) NOT NULL AUTO_INCREMENT,
  `NIK` varchar(20) DEFAULT NULL,
  `NAMA_PEGAWAI` varchar(50) NOT NULL,
  `ID_LEVEL` varchar(5) DEFAULT NULL,
  `ID_RUANGAN` int(11) DEFAULT NULL,
  `ID_KARIR` varchar(10) DEFAULT NULL,
  `ID_RISIKO` int(11) DEFAULT NULL,
  `ID_KET` int(11) DEFAULT NULL,
  `ID_INTENSITAS` int(11) DEFAULT NULL,
  `ID_ABSENSI` int(11) DEFAULT NULL,
  `ALAMAT` varchar(50) DEFAULT NULL,
  `GENDER` varchar(2) DEFAULT NULL,
  `TEMPAT_LAHIR` varchar(50) DEFAULT NULL,
  `TGL_LAHIR` date DEFAULT NULL,
  `EMAIL` varchar(50) DEFAULT NULL,
  `PHONE` varchar(15) DEFAULT NULL,
  `STATUS` varchar(2) NOT NULL DEFAULT 'Y',
  PRIMARY KEY (`ID_PEGAWAI`),
  UNIQUE KEY `NIK` (`NIK`),
  KEY `mstr_pegawai_ibfk_3` (`ID_KARIR`),
  KEY `mstr_pegawai_ibfk_4` (`ID_RISIKO`),
  KEY `mstr_pegawai_ibfk_5` (`ID_KET`),
  KEY `mstr_pegawai_ibfk_6` (`ID_INTENSITAS`),
  KEY `mstr_pegawai_ibfk_7` (`ID_ABSENSI`),
  KEY `mstr_pegawai_ibfk_8` (`ID_LEVEL`),
  KEY `mstr_pegawai_ibfk_9` (`ID_RUANGAN`)
) ENGINE=InnoDB AUTO_INCREMENT=697 DEFAULT CHARSET=latin1;

/*Data for the table `mstr_pegawai` */

insert  into `mstr_pegawai`(`ID_PEGAWAI`,`NIK`,`NAMA_PEGAWAI`,`ID_LEVEL`,`ID_RUANGAN`,`ID_KARIR`,`ID_RISIKO`,`ID_KET`,`ID_INTENSITAS`,`ID_ABSENSI`,`ALAMAT`,`GENDER`,`TEMPAT_LAHIR`,`TGL_LAHIR`,`EMAIL`,`PHONE`,`STATUS`) values 
(1,'123745','Ade Irma, Amd. Keb','PP',5,'PK0',2,5,3,4,'','P','','0000-00-00','','','Y'),
(2,'123555','Agung Adriana, Amd. Kep','PM',1,'PK0',1,1,1,1,'','','','0000-00-00','','','Y'),
(3,'123844','Agung Helly S, S. Kep. Ners',NULL,NULL,NULL,NULL,NULL,NULL,NULL,NULL,NULL,NULL,NULL,NULL,NULL,''),
(4,'123584','Agus Jailani, A. Md. Kep',NULL,NULL,NULL,NULL,NULL,NULL,NULL,NULL,NULL,NULL,NULL,NULL,NULL,''),
(5,'124076','Agus Taufik Hilman, Amd. Kep',NULL,NULL,NULL,NULL,NULL,NULL,NULL,NULL,NULL,NULL,NULL,NULL,NULL,''),
(6,'123456','Agustiaman',NULL,NULL,NULL,NULL,NULL,NULL,NULL,NULL,NULL,NULL,NULL,NULL,NULL,''),
(7,'123665','Ahmad Ginanjar, Amd Kep',NULL,NULL,NULL,NULL,NULL,NULL,NULL,NULL,NULL,NULL,NULL,NULL,NULL,''),
(8,'123773','Ahmad Reza',NULL,NULL,NULL,NULL,NULL,NULL,NULL,NULL,NULL,NULL,NULL,NULL,NULL,''),
(9,'123979','Ahmad Saeful M, Amd. Kep',NULL,NULL,NULL,NULL,NULL,NULL,NULL,NULL,NULL,NULL,NULL,NULL,NULL,''),
(10,'124132','Ahmad Sobandi',NULL,NULL,NULL,NULL,NULL,NULL,NULL,NULL,NULL,NULL,NULL,NULL,NULL,''),
(11,'123980','Ahmad Suryana, Amd. Kep',NULL,NULL,NULL,NULL,NULL,NULL,NULL,NULL,NULL,NULL,NULL,NULL,NULL,''),
(12,'123524','Ai Fatimah',NULL,NULL,NULL,NULL,NULL,NULL,NULL,NULL,NULL,NULL,NULL,NULL,NULL,''),
(13,'123500','Ai Hasanah',NULL,NULL,NULL,NULL,NULL,NULL,NULL,NULL,NULL,NULL,NULL,NULL,NULL,''),
(14,'124147','Ai Herawati',NULL,NULL,NULL,NULL,NULL,NULL,NULL,NULL,NULL,NULL,NULL,NULL,NULL,''),
(15,'123746','Ai Kuraesin, Amd. Keb',NULL,NULL,NULL,NULL,NULL,NULL,NULL,NULL,NULL,NULL,NULL,NULL,NULL,''),
(16,'123614','Ai Nurfadilah, Amd. Kep',NULL,NULL,NULL,NULL,NULL,NULL,NULL,NULL,NULL,NULL,NULL,NULL,NULL,''),
(17,'123630','Ai Nurhikmah Hasanah, Amd,.Keb',NULL,NULL,NULL,NULL,NULL,NULL,NULL,NULL,NULL,NULL,NULL,NULL,NULL,''),
(18,'123722','Ai Nurul F, Amd. Keb',NULL,NULL,NULL,NULL,NULL,NULL,NULL,NULL,NULL,NULL,NULL,NULL,NULL,''),
(19,'123873','Ai Solihah',NULL,NULL,NULL,NULL,NULL,NULL,NULL,NULL,NULL,NULL,NULL,NULL,NULL,''),
(20,'123754','Ai Sumiati Amd. Keb',NULL,NULL,NULL,NULL,NULL,NULL,NULL,NULL,NULL,NULL,NULL,NULL,NULL,''),
(21,'123530','Ai Susi Salsiah,Amd. Kep',NULL,NULL,NULL,NULL,NULL,NULL,NULL,NULL,NULL,NULL,NULL,NULL,NULL,''),
(22,'123830','Ai Yulianti, Amd. Kep',NULL,NULL,NULL,NULL,NULL,NULL,NULL,NULL,NULL,NULL,NULL,NULL,NULL,''),
(23,'123845','Ajeng Tri Yulianti, Amd. Kep',NULL,NULL,NULL,NULL,NULL,NULL,NULL,NULL,NULL,NULL,NULL,NULL,NULL,''),
(24,'124057','Akim Zaenal H , Amd. Kep',NULL,NULL,NULL,NULL,NULL,NULL,NULL,NULL,NULL,NULL,NULL,NULL,NULL,''),
(25,'123578','Alwi Abdullah, Amd. Kep',NULL,NULL,NULL,NULL,NULL,NULL,NULL,NULL,NULL,NULL,NULL,NULL,NULL,''),
(26,'123806','Alwi Sukmaningsih, Amd. Kep',NULL,NULL,NULL,NULL,NULL,NULL,NULL,NULL,NULL,NULL,NULL,NULL,NULL,''),
(27,'123859','Ana Aulia Asti Ratnasari',NULL,NULL,NULL,NULL,NULL,NULL,NULL,NULL,NULL,NULL,NULL,NULL,NULL,''),
(28,'124130','Ana Siti Rengkana',NULL,NULL,NULL,NULL,NULL,NULL,NULL,NULL,NULL,NULL,NULL,NULL,NULL,''),
(29,'124074','Anatia Agustina, Amd.Kep',NULL,NULL,NULL,NULL,NULL,NULL,NULL,NULL,NULL,NULL,NULL,NULL,NULL,''),
(30,'123663','Andi Hendrawan, Amd Kep',NULL,NULL,NULL,NULL,NULL,NULL,NULL,NULL,NULL,NULL,NULL,NULL,NULL,''),
(31,'123585','Andri Sobur, Amd.Kep',NULL,NULL,NULL,NULL,NULL,NULL,NULL,NULL,NULL,NULL,NULL,NULL,NULL,''),
(32,'124119','Andriza',NULL,NULL,NULL,NULL,NULL,NULL,NULL,NULL,NULL,NULL,NULL,NULL,NULL,''),
(33,'124047','Anes Novi',NULL,NULL,NULL,NULL,NULL,NULL,NULL,NULL,NULL,NULL,NULL,NULL,NULL,''),
(34,'123576','Aneu Aliyanti L, Amd. Kep ',NULL,NULL,NULL,NULL,NULL,NULL,NULL,NULL,NULL,NULL,NULL,NULL,NULL,''),
(35,'123624','Anggi Aprilia K, Amd. Keb',NULL,NULL,NULL,NULL,NULL,NULL,NULL,NULL,NULL,NULL,NULL,NULL,NULL,''),
(36,'124138','Ani Nuryani',NULL,NULL,NULL,NULL,NULL,NULL,NULL,NULL,NULL,NULL,NULL,NULL,NULL,''),
(37,'123489','Ani Rosidah, Amd.Kep',NULL,NULL,NULL,NULL,NULL,NULL,NULL,NULL,NULL,NULL,NULL,NULL,NULL,''),
(38,'123699','Ani Suryani, Amd. Kep',NULL,NULL,NULL,NULL,NULL,NULL,NULL,NULL,NULL,NULL,NULL,NULL,NULL,''),
(39,'123586','Ani Sutiarsih, Amd. Kep',NULL,NULL,NULL,NULL,NULL,NULL,NULL,NULL,NULL,NULL,NULL,NULL,NULL,''),
(40,'124028','Anisa Rizkiawati',NULL,NULL,NULL,NULL,NULL,NULL,NULL,NULL,NULL,NULL,NULL,NULL,NULL,''),
(41,'123490','Anita Puspita',NULL,NULL,NULL,NULL,NULL,NULL,NULL,NULL,NULL,NULL,NULL,NULL,NULL,''),
(42,'123954','Anita Rahmayati, A.Md.Kep',NULL,NULL,NULL,NULL,NULL,NULL,NULL,NULL,NULL,NULL,NULL,NULL,NULL,''),
(43,'123711','Annisa N. F,Amd.Kep',NULL,NULL,NULL,NULL,NULL,NULL,NULL,NULL,NULL,NULL,NULL,NULL,NULL,''),
(44,'123791','Ari Abdullah, Amd. Kep',NULL,NULL,NULL,NULL,NULL,NULL,NULL,NULL,NULL,NULL,NULL,NULL,NULL,''),
(45,'123643','Ari Aryani, Amd. Kep',NULL,NULL,NULL,NULL,NULL,NULL,NULL,NULL,NULL,NULL,NULL,NULL,NULL,''),
(46,'123587','Aris Munawar, A. Md.Kep',NULL,NULL,NULL,NULL,NULL,NULL,NULL,NULL,NULL,NULL,NULL,NULL,NULL,''),
(47,'123588','Aris Periyatna, Amd. Kep',NULL,NULL,NULL,NULL,NULL,NULL,NULL,NULL,NULL,NULL,NULL,NULL,NULL,''),
(48,'123589','Armi Fazrin, Amd.Kep',NULL,NULL,NULL,NULL,NULL,NULL,NULL,NULL,NULL,NULL,NULL,NULL,NULL,''),
(49,'123974','Arni Suci, Amd. Kep',NULL,NULL,NULL,NULL,NULL,NULL,NULL,NULL,NULL,NULL,NULL,NULL,NULL,''),
(50,'123696','Asep Ansori, Amd. Kep',NULL,NULL,NULL,NULL,NULL,NULL,NULL,NULL,NULL,NULL,NULL,NULL,NULL,''),
(51,'123914','Asep Deni Rahayu',NULL,NULL,NULL,NULL,NULL,NULL,NULL,NULL,NULL,NULL,NULL,NULL,NULL,''),
(52,'124071','Asep Firman, Amd. Kep',NULL,NULL,NULL,NULL,NULL,NULL,NULL,NULL,NULL,NULL,NULL,NULL,NULL,''),
(53,'124151','Asep Iskandar ',NULL,NULL,NULL,NULL,NULL,NULL,NULL,NULL,NULL,NULL,NULL,NULL,NULL,''),
(54,'123857','Asep Ridwan J, Amd. Kep ',NULL,NULL,NULL,NULL,NULL,NULL,NULL,NULL,NULL,NULL,NULL,NULL,NULL,''),
(55,'123590','Asep Royani, Amd.Kep',NULL,NULL,NULL,NULL,NULL,NULL,NULL,NULL,NULL,NULL,NULL,NULL,NULL,''),
(56,'123552','Asep Sukardi, Amd. Kep',NULL,NULL,NULL,NULL,NULL,NULL,NULL,NULL,NULL,NULL,NULL,NULL,NULL,''),
(57,'123519','Asih Yulianti M,Amd Kep',NULL,NULL,NULL,NULL,NULL,NULL,NULL,NULL,NULL,NULL,NULL,NULL,NULL,''),
(58,'123824','Asri Lestari, Amd Kep',NULL,NULL,NULL,NULL,NULL,NULL,NULL,NULL,NULL,NULL,NULL,NULL,NULL,''),
(59,'123558','Asti Anisa Rachman, Amd. Keb ',NULL,NULL,NULL,NULL,NULL,NULL,NULL,NULL,NULL,NULL,NULL,NULL,NULL,''),
(60,'123872','Asti Ratnasari',NULL,NULL,NULL,NULL,NULL,NULL,NULL,NULL,NULL,NULL,NULL,NULL,NULL,''),
(61,'123639','Astri Lestari, Amd. Keb',NULL,NULL,NULL,NULL,NULL,NULL,NULL,NULL,NULL,NULL,NULL,NULL,NULL,''),
(62,'124046','Astriani Nuraedah',NULL,NULL,NULL,NULL,NULL,NULL,NULL,NULL,NULL,NULL,NULL,NULL,NULL,''),
(63,'123638','Astrid Cristina P, Amd.Keb',NULL,NULL,NULL,NULL,NULL,NULL,NULL,NULL,NULL,NULL,NULL,NULL,NULL,''),
(64,'124070','Atep Bagja, Amd.Kep',NULL,NULL,NULL,NULL,NULL,NULL,NULL,NULL,NULL,NULL,NULL,NULL,NULL,''),
(65,'123525','Ati Nurhayati',NULL,NULL,NULL,NULL,NULL,NULL,NULL,NULL,NULL,NULL,NULL,NULL,NULL,''),
(66,'124144','Ati Triyanti',NULL,NULL,NULL,NULL,NULL,NULL,NULL,NULL,NULL,NULL,NULL,NULL,NULL,''),
(67,'124154','AUS SANSUAR',NULL,NULL,NULL,NULL,NULL,NULL,NULL,NULL,NULL,NULL,NULL,NULL,NULL,''),
(68,'123534','Ayi Hendrawati,Amd.Kep',NULL,NULL,NULL,NULL,NULL,NULL,NULL,NULL,NULL,NULL,NULL,NULL,NULL,''),
(69,'124015','Ayu Yudianti, Amd. Keb',NULL,NULL,NULL,NULL,NULL,NULL,NULL,NULL,NULL,NULL,NULL,NULL,NULL,''),
(70,'124109','Bambang Surya',NULL,NULL,NULL,NULL,NULL,NULL,NULL,NULL,NULL,NULL,NULL,NULL,NULL,''),
(71,'123691','Bayu Purnama, A.Md.Kep',NULL,NULL,NULL,NULL,NULL,NULL,NULL,NULL,NULL,NULL,NULL,NULL,NULL,''),
(72,'123487','Bd. Ema Mariah,Amd.Keb',NULL,NULL,NULL,NULL,NULL,NULL,NULL,NULL,NULL,NULL,NULL,NULL,NULL,''),
(73,'123540','Bd. Ema Mariah,Amd.Keb',NULL,NULL,NULL,NULL,NULL,NULL,NULL,NULL,NULL,NULL,NULL,NULL,NULL,''),
(74,'123704','Bd. Iin Nurbaeti',NULL,NULL,NULL,NULL,NULL,NULL,NULL,NULL,NULL,NULL,NULL,NULL,NULL,''),
(75,'123549','Bd.Yulia Susanti, Amd. Keb',NULL,NULL,NULL,NULL,NULL,NULL,NULL,NULL,NULL,NULL,NULL,NULL,NULL,''),
(76,'124060','Benny Mochamad Reza, Amd. Kep',NULL,NULL,NULL,NULL,NULL,NULL,NULL,NULL,NULL,NULL,NULL,NULL,NULL,''),
(77,'123779','Billy Suwandila, Amd. Kep',NULL,NULL,NULL,NULL,NULL,NULL,NULL,NULL,NULL,NULL,NULL,NULL,NULL,''),
(78,'123880','Bina Mulyana , Amd. Kep',NULL,NULL,NULL,NULL,NULL,NULL,NULL,NULL,NULL,NULL,NULL,NULL,NULL,''),
(79,'123904','Bony Aria Dipura,Amd.Kep',NULL,NULL,NULL,NULL,NULL,NULL,NULL,NULL,NULL,NULL,NULL,NULL,NULL,''),
(80,'123692','Budi Nugraha, Amd. Kep',NULL,NULL,NULL,NULL,NULL,NULL,NULL,NULL,NULL,NULL,NULL,NULL,NULL,''),
(81,'123640','Bunga, A.Md.Keb',NULL,NULL,NULL,NULL,NULL,NULL,NULL,NULL,NULL,NULL,NULL,NULL,NULL,''),
(82,'123583','CEK',NULL,NULL,NULL,NULL,NULL,NULL,NULL,NULL,NULL,NULL,NULL,NULL,NULL,''),
(83,'123591','Cepi Alvian N, Amd. Kep',NULL,NULL,NULL,NULL,NULL,NULL,NULL,NULL,NULL,NULL,NULL,NULL,NULL,''),
(84,'123907','Chepy Nardiana, Amd. Kep',NULL,NULL,NULL,NULL,NULL,NULL,NULL,NULL,NULL,NULL,NULL,NULL,NULL,''),
(85,'123799','Chintia Dwi P, Amd. Kep',NULL,NULL,NULL,NULL,NULL,NULL,NULL,NULL,NULL,NULL,NULL,NULL,NULL,''),
(86,'123780','Cicinta Wulandari, Amd. Kep',NULL,NULL,NULL,NULL,NULL,NULL,NULL,NULL,NULL,NULL,NULL,NULL,NULL,''),
(87,'124009','Cincin, Amd. Keb',NULL,NULL,NULL,NULL,NULL,NULL,NULL,NULL,NULL,NULL,NULL,NULL,NULL,''),
(88,'123480','Cucu Suniarti',NULL,NULL,NULL,NULL,NULL,NULL,NULL,NULL,NULL,NULL,NULL,NULL,NULL,''),
(89,'124089','Cucu Yuningsih',NULL,NULL,NULL,NULL,NULL,NULL,NULL,NULL,NULL,NULL,NULL,NULL,NULL,''),
(90,'124152','Cucum',NULL,NULL,NULL,NULL,NULL,NULL,NULL,NULL,NULL,NULL,NULL,NULL,NULL,''),
(91,'123592','D.A. Fasmat E, Amd. Kep',NULL,NULL,NULL,NULL,NULL,NULL,NULL,NULL,NULL,NULL,NULL,NULL,NULL,''),
(92,'124103','Dafrianrianti Arbi',NULL,NULL,NULL,NULL,NULL,NULL,NULL,NULL,NULL,NULL,NULL,NULL,NULL,''),
(93,'123539','Darlian Nurdin, Amd.Kep',NULL,NULL,NULL,NULL,NULL,NULL,NULL,NULL,NULL,NULL,NULL,NULL,NULL,''),
(94,'123593','Dasa Tisna Asyari, Amd. Kep',NULL,NULL,NULL,NULL,NULL,NULL,NULL,NULL,NULL,NULL,NULL,NULL,NULL,''),
(95,'123927','Dasep Iskandar',NULL,NULL,NULL,NULL,NULL,NULL,NULL,NULL,NULL,NULL,NULL,NULL,NULL,''),
(96,'123908','Dean Alit A, Amd. Kep',NULL,NULL,NULL,NULL,NULL,NULL,NULL,NULL,NULL,NULL,NULL,NULL,NULL,''),
(97,'123758','Debi Nurhaida',NULL,NULL,NULL,NULL,NULL,NULL,NULL,NULL,NULL,NULL,NULL,NULL,NULL,''),
(98,'124148','Dede',NULL,NULL,NULL,NULL,NULL,NULL,NULL,NULL,NULL,NULL,NULL,NULL,NULL,''),
(99,'123688','Dede Hasanah, Amd. Kep',NULL,NULL,NULL,NULL,NULL,NULL,NULL,NULL,NULL,NULL,NULL,NULL,NULL,''),
(100,'124082','Dede Mulyadi, Amd. Kep',NULL,NULL,NULL,NULL,NULL,NULL,NULL,NULL,NULL,NULL,NULL,NULL,NULL,''),
(101,'123481','Dede Musama',NULL,NULL,NULL,NULL,NULL,NULL,NULL,NULL,NULL,NULL,NULL,NULL,NULL,''),
(102,'123594','Dede Nurmansyah, Amd.Kep',NULL,NULL,NULL,NULL,NULL,NULL,NULL,NULL,NULL,NULL,NULL,NULL,NULL,''),
(103,'123723','Dede Opnal O, Amd. Keb',NULL,NULL,NULL,NULL,NULL,NULL,NULL,NULL,NULL,NULL,NULL,NULL,NULL,''),
(104,'123906','Dede Sri Mulyani,Amd.Kep',NULL,NULL,NULL,NULL,NULL,NULL,NULL,NULL,NULL,NULL,NULL,NULL,NULL,''),
(105,'123569','Dede Sugendi, Amd. Kep, An',NULL,NULL,NULL,NULL,NULL,NULL,NULL,NULL,NULL,NULL,NULL,NULL,NULL,''),
(106,'124125','Dede Suhendar',NULL,NULL,NULL,NULL,NULL,NULL,NULL,NULL,NULL,NULL,NULL,NULL,NULL,''),
(107,'124093','Dedeh komara',NULL,NULL,NULL,NULL,NULL,NULL,NULL,NULL,NULL,NULL,NULL,NULL,NULL,''),
(108,'124141','Dedeh Kurniasih',NULL,NULL,NULL,NULL,NULL,NULL,NULL,NULL,NULL,NULL,NULL,NULL,NULL,''),
(109,'123629','Dedeh Muslimah, Amd. Keb',NULL,NULL,NULL,NULL,NULL,NULL,NULL,NULL,NULL,NULL,NULL,NULL,NULL,''),
(110,'123457','Deden Setia H',NULL,NULL,NULL,NULL,NULL,NULL,NULL,NULL,NULL,NULL,NULL,NULL,NULL,''),
(111,'123967','Dedi Ramdani, Amd.Kep',NULL,NULL,NULL,NULL,NULL,NULL,NULL,NULL,NULL,NULL,NULL,NULL,NULL,''),
(112,'124034','Dedi Supriadi',NULL,NULL,NULL,NULL,NULL,NULL,NULL,NULL,NULL,NULL,NULL,NULL,NULL,''),
(113,'123987','Delfiana Gandini,Amd.Keb',NULL,NULL,NULL,NULL,NULL,NULL,NULL,NULL,NULL,NULL,NULL,NULL,NULL,''),
(114,'123565','Deni Suherlan, A.md. Kep',NULL,NULL,NULL,NULL,NULL,NULL,NULL,NULL,NULL,NULL,NULL,NULL,NULL,''),
(115,'123898','Deni Triwi',NULL,NULL,NULL,NULL,NULL,NULL,NULL,NULL,NULL,NULL,NULL,NULL,NULL,''),
(116,'123705','Denri Yulia P,Amd.Kep',NULL,NULL,NULL,NULL,NULL,NULL,NULL,NULL,NULL,NULL,NULL,NULL,NULL,''),
(117,'123635','Dera Devita Aulia T, Amd. Keb',NULL,NULL,NULL,NULL,NULL,NULL,NULL,NULL,NULL,NULL,NULL,NULL,NULL,''),
(118,'123917','Deri kurniawan',NULL,NULL,NULL,NULL,NULL,NULL,NULL,NULL,NULL,NULL,NULL,NULL,NULL,''),
(119,'123940','Derti Nurdesiantari',NULL,NULL,NULL,NULL,NULL,NULL,NULL,NULL,NULL,NULL,NULL,NULL,NULL,''),
(120,'123575','Dessy Dwi L, Amd. Kep',NULL,NULL,NULL,NULL,NULL,NULL,NULL,NULL,NULL,NULL,NULL,NULL,NULL,''),
(121,'123946','Destiani Salsiah, Amd. Kep',NULL,NULL,NULL,NULL,NULL,NULL,NULL,NULL,NULL,NULL,NULL,NULL,NULL,''),
(122,'124045','Destovia',NULL,NULL,NULL,NULL,NULL,NULL,NULL,NULL,NULL,NULL,NULL,NULL,NULL,''),
(123,'124032','Deti Misnawati',NULL,NULL,NULL,NULL,NULL,NULL,NULL,NULL,NULL,NULL,NULL,NULL,NULL,''),
(124,'123560','Devit Nasrudin,  AMK',NULL,NULL,NULL,NULL,NULL,NULL,NULL,NULL,NULL,NULL,NULL,NULL,NULL,''),
(125,'123774','Dewi Anggraeni,',NULL,NULL,NULL,NULL,NULL,NULL,NULL,NULL,NULL,NULL,NULL,NULL,NULL,''),
(126,'123802','Dewi Anzani, Amd. Kep',NULL,NULL,NULL,NULL,NULL,NULL,NULL,NULL,NULL,NULL,NULL,NULL,NULL,''),
(127,'123645','Dewi Cahyaningsih, Amd. Kep ',NULL,NULL,NULL,NULL,NULL,NULL,NULL,NULL,NULL,NULL,NULL,NULL,NULL,''),
(128,'123760','Dewi Erisandi,Amd Kep',NULL,NULL,NULL,NULL,NULL,NULL,NULL,NULL,NULL,NULL,NULL,NULL,NULL,''),
(129,'123882','Dewi Ika, Amd. Kep ',NULL,NULL,NULL,NULL,NULL,NULL,NULL,NULL,NULL,NULL,NULL,NULL,NULL,''),
(130,'124136','Dewi Priati',NULL,NULL,NULL,NULL,NULL,NULL,NULL,NULL,NULL,NULL,NULL,NULL,NULL,''),
(131,'123458','Dewi Rahmawati',NULL,NULL,NULL,NULL,NULL,NULL,NULL,NULL,NULL,NULL,NULL,NULL,NULL,''),
(132,'123765','Dewi Sukmawati,Amd.Kep',NULL,NULL,NULL,NULL,NULL,NULL,NULL,NULL,NULL,NULL,NULL,NULL,NULL,''),
(133,'123835','Dewi Sulistiani, Amd. Kep',NULL,NULL,NULL,NULL,NULL,NULL,NULL,NULL,NULL,NULL,NULL,NULL,NULL,''),
(134,'124122','Dhea Febri Aquaristy',NULL,NULL,NULL,NULL,NULL,NULL,NULL,NULL,NULL,NULL,NULL,NULL,NULL,''),
(135,'123846','Diah Lisnawati,Amd.Kep',NULL,NULL,NULL,NULL,NULL,NULL,NULL,NULL,NULL,NULL,NULL,NULL,NULL,''),
(136,'123920','Diah Widianingrum',NULL,NULL,NULL,NULL,NULL,NULL,NULL,NULL,NULL,NULL,NULL,NULL,NULL,''),
(137,'124118','Dian Sa\'diah',NULL,NULL,NULL,NULL,NULL,NULL,NULL,NULL,NULL,NULL,NULL,NULL,NULL,''),
(138,'123566','Dicky Ramdhani, Amd. Kep',NULL,NULL,NULL,NULL,NULL,NULL,NULL,NULL,NULL,NULL,NULL,NULL,NULL,''),
(139,'123482','Didin Bachtiar',NULL,NULL,NULL,NULL,NULL,NULL,NULL,NULL,NULL,NULL,NULL,NULL,NULL,''),
(140,'123551','Diki Herdiansyah,Amd.Kep',NULL,NULL,NULL,NULL,NULL,NULL,NULL,NULL,NULL,NULL,NULL,NULL,NULL,''),
(141,'123761','Dina Mustika,Amd Kep',NULL,NULL,NULL,NULL,NULL,NULL,NULL,NULL,NULL,NULL,NULL,NULL,NULL,''),
(142,'123494','Dini Hediani',NULL,NULL,NULL,NULL,NULL,NULL,NULL,NULL,NULL,NULL,NULL,NULL,NULL,''),
(143,'123985','Disania Fatmawati, Amd. Kep',NULL,NULL,NULL,NULL,NULL,NULL,NULL,NULL,NULL,NULL,NULL,NULL,NULL,''),
(144,'124065','Dita Hidayanti, Amd. Kep',NULL,NULL,NULL,NULL,NULL,NULL,NULL,NULL,NULL,NULL,NULL,NULL,NULL,''),
(145,'124150','Dodi Saprudin',NULL,NULL,NULL,NULL,NULL,NULL,NULL,NULL,NULL,NULL,NULL,NULL,NULL,''),
(146,'123877','Dody Iswadi,Amd Kep',NULL,NULL,NULL,NULL,NULL,NULL,NULL,NULL,NULL,NULL,NULL,NULL,NULL,''),
(147,'123646','E Feni Siswanty, Amd. Keb ',NULL,NULL,NULL,NULL,NULL,NULL,NULL,NULL,NULL,NULL,NULL,NULL,NULL,''),
(148,'123459','Edi Sutanto',NULL,NULL,NULL,NULL,NULL,NULL,NULL,NULL,NULL,NULL,NULL,NULL,NULL,''),
(149,'123595','Efa Nurhayati, Amd.Kep',NULL,NULL,NULL,NULL,NULL,NULL,NULL,NULL,NULL,NULL,NULL,NULL,NULL,''),
(150,'123703','Efhi Herawati, S..Kep. Ners',NULL,NULL,NULL,NULL,NULL,NULL,NULL,NULL,NULL,NULL,NULL,NULL,NULL,''),
(151,'123762','Ega Megawati, Amd Kep',NULL,NULL,NULL,NULL,NULL,NULL,NULL,NULL,NULL,NULL,NULL,NULL,NULL,''),
(152,'123810','Egi Ginanjar',NULL,NULL,NULL,NULL,NULL,NULL,NULL,NULL,NULL,NULL,NULL,NULL,NULL,''),
(153,'123928','Egi Permana',NULL,NULL,NULL,NULL,NULL,NULL,NULL,NULL,NULL,NULL,NULL,NULL,NULL,''),
(154,'123647','Eis Tasmiyatin, Amd. Keb ',NULL,NULL,NULL,NULL,NULL,NULL,NULL,NULL,NULL,NULL,NULL,NULL,NULL,''),
(155,'123832','Eka Windari.Amd. Kep',NULL,NULL,NULL,NULL,NULL,NULL,NULL,NULL,NULL,NULL,NULL,NULL,NULL,''),
(156,'123808','Ela Erbuanawati',NULL,NULL,NULL,NULL,NULL,NULL,NULL,NULL,NULL,NULL,NULL,NULL,NULL,''),
(157,'123949','Elfira Nurislmai, Amd. Kep',NULL,NULL,NULL,NULL,NULL,NULL,NULL,NULL,NULL,NULL,NULL,NULL,NULL,''),
(158,'124134','Eli Fatmawati',NULL,NULL,NULL,NULL,NULL,NULL,NULL,NULL,NULL,NULL,NULL,NULL,NULL,''),
(159,'124055','Eli Suhaeli, Amd. Kep ',NULL,NULL,NULL,NULL,NULL,NULL,NULL,NULL,NULL,NULL,NULL,NULL,NULL,''),
(160,'123943','Eli Yuliawati',NULL,NULL,NULL,NULL,NULL,NULL,NULL,NULL,NULL,NULL,NULL,NULL,NULL,''),
(161,'123945','Elif Zaenal M, Amd.Kep',NULL,NULL,NULL,NULL,NULL,NULL,NULL,NULL,NULL,NULL,NULL,NULL,NULL,''),
(162,'123782','Elis Holisoh, Amd. Kep',NULL,NULL,NULL,NULL,NULL,NULL,NULL,NULL,NULL,NULL,NULL,NULL,NULL,''),
(163,'123644','Elis Yohana, Amd. Kep',NULL,NULL,NULL,NULL,NULL,NULL,NULL,NULL,NULL,NULL,NULL,NULL,NULL,''),
(164,'123767','Elna Apriliana, Amd Kep',NULL,NULL,NULL,NULL,NULL,NULL,NULL,NULL,NULL,NULL,NULL,NULL,NULL,''),
(165,'123976','Elnisa Irma S, A. Md. Kep',NULL,NULL,NULL,NULL,NULL,NULL,NULL,NULL,NULL,NULL,NULL,NULL,NULL,''),
(166,'123888','Ema Maryati',NULL,NULL,NULL,NULL,NULL,NULL,NULL,NULL,NULL,NULL,NULL,NULL,NULL,''),
(167,'123923','Ema Nurbayan',NULL,NULL,NULL,NULL,NULL,NULL,NULL,NULL,NULL,NULL,NULL,NULL,NULL,''),
(168,'123730','Encep Ahmad J, Amd. Kep',NULL,NULL,NULL,NULL,NULL,NULL,NULL,NULL,NULL,NULL,NULL,NULL,NULL,''),
(169,'123792','Encep Muhamad Ridwan, Amd. Kep',NULL,NULL,NULL,NULL,NULL,NULL,NULL,NULL,NULL,NULL,NULL,NULL,NULL,''),
(170,'123619','Endang S, Amd.Keb',NULL,NULL,NULL,NULL,NULL,NULL,NULL,NULL,NULL,NULL,NULL,NULL,NULL,''),
(171,'123544','Endang Suryadi,Amd. Kep',NULL,NULL,NULL,NULL,NULL,NULL,NULL,NULL,NULL,NULL,NULL,NULL,NULL,''),
(172,'123574','Endi Ramdani, Amd. Kep, An',NULL,NULL,NULL,NULL,NULL,NULL,NULL,NULL,NULL,NULL,NULL,NULL,NULL,''),
(173,'123507','Endo Purnama, S.Kep, Ners',NULL,NULL,NULL,NULL,NULL,NULL,NULL,NULL,NULL,NULL,NULL,NULL,NULL,''),
(174,'123836','Eneng Rulis, Amd. Kep',NULL,NULL,NULL,NULL,NULL,NULL,NULL,NULL,NULL,NULL,NULL,NULL,NULL,''),
(175,'124145','Eni Kusrini',NULL,NULL,NULL,NULL,NULL,NULL,NULL,NULL,NULL,NULL,NULL,NULL,NULL,''),
(176,'123532','Eni Mansuroh, S.Kep, Ners',NULL,NULL,NULL,NULL,NULL,NULL,NULL,NULL,NULL,NULL,NULL,NULL,NULL,''),
(177,'123783','Enung Eti Riswati, Amd. Kep',NULL,NULL,NULL,NULL,NULL,NULL,NULL,NULL,NULL,NULL,NULL,NULL,NULL,''),
(178,'123735','Enung Halimah, Amd.Keb',NULL,NULL,NULL,NULL,NULL,NULL,NULL,NULL,NULL,NULL,NULL,NULL,NULL,''),
(179,'124039','Erik Gunawan',NULL,NULL,NULL,NULL,NULL,NULL,NULL,NULL,NULL,NULL,NULL,NULL,NULL,''),
(180,'123788','Erlin Marliana, Amd.Kep',NULL,NULL,NULL,NULL,NULL,NULL,NULL,NULL,NULL,NULL,NULL,NULL,NULL,''),
(181,'123763','Erma Nurmala,Amd.Kep',NULL,NULL,NULL,NULL,NULL,NULL,NULL,NULL,NULL,NULL,NULL,NULL,NULL,''),
(182,'123992','Erna Sundari, Amd. Keb',NULL,NULL,NULL,NULL,NULL,NULL,NULL,NULL,NULL,NULL,NULL,NULL,NULL,''),
(183,'123664','Erna Yuniarti, Amd Kep',NULL,NULL,NULL,NULL,NULL,NULL,NULL,NULL,NULL,NULL,NULL,NULL,NULL,''),
(184,'123512','Erni Maryani, S. Kep. Ners',NULL,NULL,NULL,NULL,NULL,NULL,NULL,NULL,NULL,NULL,NULL,NULL,NULL,''),
(185,'123998','Ersa Purnamasai, Amd. Keb',NULL,NULL,NULL,NULL,NULL,NULL,NULL,NULL,NULL,NULL,NULL,NULL,NULL,''),
(186,'123557','Erwin Nur B, Amd. Kep ',NULL,NULL,NULL,NULL,NULL,NULL,NULL,NULL,NULL,NULL,NULL,NULL,NULL,''),
(187,'124092','Eti Supriati',NULL,NULL,NULL,NULL,NULL,NULL,NULL,NULL,NULL,NULL,NULL,NULL,NULL,''),
(188,'123516','Euis Purwati',NULL,NULL,NULL,NULL,NULL,NULL,NULL,NULL,NULL,NULL,NULL,NULL,NULL,''),
(189,'123843','Euis Supriati, Amd. Kep',NULL,NULL,NULL,NULL,NULL,NULL,NULL,NULL,NULL,NULL,NULL,NULL,NULL,''),
(190,'123596','Eva Erviana, Amd.Kep',NULL,NULL,NULL,NULL,NULL,NULL,NULL,NULL,NULL,NULL,NULL,NULL,NULL,''),
(191,'123734','Eva Fatimah, Amd.Kep',NULL,NULL,NULL,NULL,NULL,NULL,NULL,NULL,NULL,NULL,NULL,NULL,NULL,''),
(192,'123902','Evawati Sujono, Amd. Kep',NULL,NULL,NULL,NULL,NULL,NULL,NULL,NULL,NULL,NULL,NULL,NULL,NULL,''),
(193,'124011','Evi Widi Resmiati, Amd. Kep',NULL,NULL,NULL,NULL,NULL,NULL,NULL,NULL,NULL,NULL,NULL,NULL,NULL,''),
(194,'123973','Faisal Tanjung Zainal, A. Md. Kep',NULL,NULL,NULL,NULL,NULL,NULL,NULL,NULL,NULL,NULL,NULL,NULL,NULL,''),
(195,'123988','Fanny Sinthia I, Amd. Keb',NULL,NULL,NULL,NULL,NULL,NULL,NULL,NULL,NULL,NULL,NULL,NULL,NULL,''),
(196,'124073','Fardan Taufik,Amd.Kep',NULL,NULL,NULL,NULL,NULL,NULL,NULL,NULL,NULL,NULL,NULL,NULL,NULL,''),
(197,'123690','Fathonah, Amd. Kep',NULL,NULL,NULL,NULL,NULL,NULL,NULL,NULL,NULL,NULL,NULL,NULL,NULL,''),
(198,'123893','Fatwa Arif',NULL,NULL,NULL,NULL,NULL,NULL,NULL,NULL,NULL,NULL,NULL,NULL,NULL,''),
(199,'123970','Faurani suryani, S. Kep. Ners',NULL,NULL,NULL,NULL,NULL,NULL,NULL,NULL,NULL,NULL,NULL,NULL,NULL,''),
(200,'123561','Fauzi Giffari, A. Md. Kep ',NULL,NULL,NULL,NULL,NULL,NULL,NULL,NULL,NULL,NULL,NULL,NULL,NULL,''),
(201,'123748','Febi Febrianti Putri, Amd. Keb',NULL,NULL,NULL,NULL,NULL,NULL,NULL,NULL,NULL,NULL,NULL,NULL,NULL,''),
(202,'124112','Febriani Kemala',NULL,NULL,NULL,NULL,NULL,NULL,NULL,NULL,NULL,NULL,NULL,NULL,NULL,''),
(203,'123794','Femie Noviarti',NULL,NULL,NULL,NULL,NULL,NULL,NULL,NULL,NULL,NULL,NULL,NULL,NULL,''),
(204,'123641','Ferra I, Amd. Kep',NULL,NULL,NULL,NULL,NULL,NULL,NULL,NULL,NULL,NULL,NULL,NULL,NULL,''),
(205,'123941','Fery Hidayat',NULL,NULL,NULL,NULL,NULL,NULL,NULL,NULL,NULL,NULL,NULL,NULL,NULL,''),
(206,'123649','Fia Desmy Fazriany, Amd. Kep',NULL,NULL,NULL,NULL,NULL,NULL,NULL,NULL,NULL,NULL,NULL,NULL,NULL,''),
(207,'123991','Fika Fitriani, Amd. Keb',NULL,NULL,NULL,NULL,NULL,NULL,NULL,NULL,NULL,NULL,NULL,NULL,NULL,''),
(208,'124087','Firdaus',NULL,NULL,NULL,NULL,NULL,NULL,NULL,NULL,NULL,NULL,NULL,NULL,NULL,''),
(209,'123921','Fitri Yuliawati',NULL,NULL,NULL,NULL,NULL,NULL,NULL,NULL,NULL,NULL,NULL,NULL,NULL,''),
(210,'123615','Fitria Haryanti, Amd. Keb',NULL,NULL,NULL,NULL,NULL,NULL,NULL,NULL,NULL,NULL,NULL,NULL,NULL,''),
(211,'123924','Fitriah Nuramdani',NULL,NULL,NULL,NULL,NULL,NULL,NULL,NULL,NULL,NULL,NULL,NULL,NULL,''),
(212,'123726','Fitriani Fahitah, Amd. Keb',NULL,NULL,NULL,NULL,NULL,NULL,NULL,NULL,NULL,NULL,NULL,NULL,NULL,''),
(213,'123511','Fitriani Noor K, Amd.Kep',NULL,NULL,NULL,NULL,NULL,NULL,NULL,NULL,NULL,NULL,NULL,NULL,NULL,''),
(214,'124113','Frieda Febrianti Sundari',NULL,NULL,NULL,NULL,NULL,NULL,NULL,NULL,NULL,NULL,NULL,NULL,NULL,''),
(215,'123797','Futri Choerunisa,Amd Kep',NULL,NULL,NULL,NULL,NULL,NULL,NULL,NULL,NULL,NULL,NULL,NULL,NULL,''),
(216,'124075','Galih Safaat, Amd.Kep',NULL,NULL,NULL,NULL,NULL,NULL,NULL,NULL,NULL,NULL,NULL,NULL,NULL,''),
(217,'124042','Ganjar Isnaeni',NULL,NULL,NULL,NULL,NULL,NULL,NULL,NULL,NULL,NULL,NULL,NULL,NULL,''),
(218,'123956','Gilang Febri, A.Md.Kep',NULL,NULL,NULL,NULL,NULL,NULL,NULL,NULL,NULL,NULL,NULL,NULL,NULL,''),
(219,'123580','Gilang H',NULL,NULL,NULL,NULL,NULL,NULL,NULL,NULL,NULL,NULL,NULL,NULL,NULL,''),
(220,'123860','Gina Marlahirna',NULL,NULL,NULL,NULL,NULL,NULL,NULL,NULL,NULL,NULL,NULL,NULL,NULL,''),
(221,'123655','Ginanjar',NULL,NULL,NULL,NULL,NULL,NULL,NULL,NULL,NULL,NULL,NULL,NULL,NULL,''),
(222,'124100','Gladisa',NULL,NULL,NULL,NULL,NULL,NULL,NULL,NULL,NULL,NULL,NULL,NULL,NULL,''),
(223,'123658','Gunawan, Amd.Kep',NULL,NULL,NULL,NULL,NULL,NULL,NULL,NULL,NULL,NULL,NULL,NULL,NULL,''),
(224,'123460','H Burhan',NULL,NULL,NULL,NULL,NULL,NULL,NULL,NULL,NULL,NULL,NULL,NULL,NULL,''),
(225,'123501','H Dadang Dian E',NULL,NULL,NULL,NULL,NULL,NULL,NULL,NULL,NULL,NULL,NULL,NULL,NULL,''),
(226,'124033','H Damayanti',NULL,NULL,NULL,NULL,NULL,NULL,NULL,NULL,NULL,NULL,NULL,NULL,NULL,''),
(227,'124085','H Eman Sulaeman ',NULL,NULL,NULL,NULL,NULL,NULL,NULL,NULL,NULL,NULL,NULL,NULL,NULL,''),
(228,'123505','H Komarudin',NULL,NULL,NULL,NULL,NULL,NULL,NULL,NULL,NULL,NULL,NULL,NULL,NULL,''),
(229,'123461','H Tajudin',NULL,NULL,NULL,NULL,NULL,NULL,NULL,NULL,NULL,NULL,NULL,NULL,NULL,''),
(230,'123462','H. Hendra Kurnia',NULL,NULL,NULL,NULL,NULL,NULL,NULL,NULL,NULL,NULL,NULL,NULL,NULL,''),
(231,'123513','H. Pian Saori, AMK',NULL,NULL,NULL,NULL,NULL,NULL,NULL,NULL,NULL,NULL,NULL,NULL,NULL,''),
(232,'123571','Haidir R, Amd. Kep. An',NULL,NULL,NULL,NULL,NULL,NULL,NULL,NULL,NULL,NULL,NULL,NULL,NULL,''),
(233,'123463','Halimatussadiah',NULL,NULL,NULL,NULL,NULL,NULL,NULL,NULL,NULL,NULL,NULL,NULL,NULL,''),
(234,'123493','Hamdan Maulana',NULL,NULL,NULL,NULL,NULL,NULL,NULL,NULL,NULL,NULL,NULL,NULL,NULL,''),
(235,'123935','Hamzah Arafah',NULL,NULL,NULL,NULL,NULL,NULL,NULL,NULL,NULL,NULL,NULL,NULL,NULL,''),
(236,'124114','Hamzah Safari',NULL,NULL,NULL,NULL,NULL,NULL,NULL,NULL,NULL,NULL,NULL,NULL,NULL,''),
(237,'123503','Hani Nuraeni, S. Kep. Ners',NULL,NULL,NULL,NULL,NULL,NULL,NULL,NULL,NULL,NULL,NULL,NULL,NULL,''),
(238,'124022','Hani W, Amd. Keb',NULL,NULL,NULL,NULL,NULL,NULL,NULL,NULL,NULL,NULL,NULL,NULL,NULL,''),
(239,'123662','Hartono, Amd.Kep',NULL,NULL,NULL,NULL,NULL,NULL,NULL,NULL,NULL,NULL,NULL,NULL,NULL,''),
(240,'123464','Harun Wahyudi',NULL,NULL,NULL,NULL,NULL,NULL,NULL,NULL,NULL,NULL,NULL,NULL,NULL,''),
(241,'123631','Hasni Sri Margayati, Amd. Keb',NULL,NULL,NULL,NULL,NULL,NULL,NULL,NULL,NULL,NULL,NULL,NULL,NULL,''),
(242,'123714','Hasti Wulanjari,Amd.Kep',NULL,NULL,NULL,NULL,NULL,NULL,NULL,NULL,NULL,NULL,NULL,NULL,NULL,''),
(243,'124099','Hayudin',NULL,NULL,NULL,NULL,NULL,NULL,NULL,NULL,NULL,NULL,NULL,NULL,NULL,''),
(244,'123563','Helka Apriadika, A. Md. Kep',NULL,NULL,NULL,NULL,NULL,NULL,NULL,NULL,NULL,NULL,NULL,NULL,NULL,''),
(245,'123864','Helmi',NULL,NULL,NULL,NULL,NULL,NULL,NULL,NULL,NULL,NULL,NULL,NULL,NULL,''),
(246,'123885','Hendi Zatnika,Amd Kep',NULL,NULL,NULL,NULL,NULL,NULL,NULL,NULL,NULL,NULL,NULL,NULL,NULL,''),
(247,'123828','Hendra Agustina, Amd. Kep ',NULL,NULL,NULL,NULL,NULL,NULL,NULL,NULL,NULL,NULL,NULL,NULL,NULL,''),
(248,'123510','Hendro Adi Wibowo, Amd. Kep',NULL,NULL,NULL,NULL,NULL,NULL,NULL,NULL,NULL,NULL,NULL,NULL,NULL,''),
(249,'123702','Heni Hermawati',NULL,NULL,NULL,NULL,NULL,NULL,NULL,NULL,NULL,NULL,NULL,NULL,NULL,''),
(250,'123818','Heni Mulyani',NULL,NULL,NULL,NULL,NULL,NULL,NULL,NULL,NULL,NULL,NULL,NULL,NULL,''),
(251,'123496','Herawati',NULL,NULL,NULL,NULL,NULL,NULL,NULL,NULL,NULL,NULL,NULL,NULL,NULL,''),
(252,'123661','Herdi Herdiansyah,Amd.Kep',NULL,NULL,NULL,NULL,NULL,NULL,NULL,NULL,NULL,NULL,NULL,NULL,NULL,''),
(253,'124088','Herdi Herdiyana',NULL,NULL,NULL,NULL,NULL,NULL,NULL,NULL,NULL,NULL,NULL,NULL,NULL,''),
(254,'123837','Heri Hermansyah,Amd.Kep',NULL,NULL,NULL,NULL,NULL,NULL,NULL,NULL,NULL,NULL,NULL,NULL,NULL,''),
(255,'123528','Heriyati,Amd Kep',NULL,NULL,NULL,NULL,NULL,NULL,NULL,NULL,NULL,NULL,NULL,NULL,NULL,''),
(256,'123502','Herlinawati, S. Kep. Ners',NULL,NULL,NULL,NULL,NULL,NULL,NULL,NULL,NULL,NULL,NULL,NULL,NULL,''),
(257,'124067','Herti Oktaviani,Amd.kep',NULL,NULL,NULL,NULL,NULL,NULL,NULL,NULL,NULL,NULL,NULL,NULL,NULL,''),
(258,'123597','Hesti Larasati, Amd. Kep',NULL,NULL,NULL,NULL,NULL,NULL,NULL,NULL,NULL,NULL,NULL,NULL,NULL,''),
(259,'123895','Heti Nurhayati',NULL,NULL,NULL,NULL,NULL,NULL,NULL,NULL,NULL,NULL,NULL,NULL,NULL,''),
(260,'123784','Hevi Ulpia, Amd. Kep',NULL,NULL,NULL,NULL,NULL,NULL,NULL,NULL,NULL,NULL,NULL,NULL,NULL,''),
(261,'124142','Hidun',NULL,NULL,NULL,NULL,NULL,NULL,NULL,NULL,NULL,NULL,NULL,NULL,NULL,''),
(262,'123777','Hilda Siti Nurhidayah, Amd. Kep',NULL,NULL,NULL,NULL,NULL,NULL,NULL,NULL,NULL,NULL,NULL,NULL,NULL,''),
(263,'123901','Hilman Soljhin',NULL,NULL,NULL,NULL,NULL,NULL,NULL,NULL,NULL,NULL,NULL,NULL,NULL,''),
(264,'124095','Hj Euis Hendrawati',NULL,NULL,NULL,NULL,NULL,NULL,NULL,NULL,NULL,NULL,NULL,NULL,NULL,''),
(265,'123465','Hj Heti Nuraeni',NULL,NULL,NULL,NULL,NULL,NULL,NULL,NULL,NULL,NULL,NULL,NULL,NULL,''),
(266,'123466','Hj Tuti Rosmiati',NULL,NULL,NULL,NULL,NULL,NULL,NULL,NULL,NULL,NULL,NULL,NULL,NULL,''),
(267,'123820','Hj. Anisa',NULL,NULL,NULL,NULL,NULL,NULL,NULL,NULL,NULL,NULL,NULL,NULL,NULL,''),
(268,'123817','Hj. Fitria Yulianti Rahayu',NULL,NULL,NULL,NULL,NULL,NULL,NULL,NULL,NULL,NULL,NULL,NULL,NULL,''),
(269,'124086','Hj. Ida Faridah',NULL,NULL,NULL,NULL,NULL,NULL,NULL,NULL,NULL,NULL,NULL,NULL,NULL,''),
(270,'123467','Hj. Muji Rahayu',NULL,NULL,NULL,NULL,NULL,NULL,NULL,NULL,NULL,NULL,NULL,NULL,NULL,''),
(271,'123468','Hj. Rohani',NULL,NULL,NULL,NULL,NULL,NULL,NULL,NULL,NULL,NULL,NULL,NULL,NULL,''),
(272,'124090','Hj. RomZiah',NULL,NULL,NULL,NULL,NULL,NULL,NULL,NULL,NULL,NULL,NULL,NULL,NULL,''),
(273,'123469','Hj. Samsiah ',NULL,NULL,NULL,NULL,NULL,NULL,NULL,NULL,NULL,NULL,NULL,NULL,NULL,''),
(274,'124084','Hj. Tuti Hastuti',NULL,NULL,NULL,NULL,NULL,NULL,NULL,NULL,NULL,NULL,NULL,NULL,NULL,''),
(275,'123952','Ibnu Sina, A.Md.Kep',NULL,NULL,NULL,NULL,NULL,NULL,NULL,NULL,NULL,NULL,NULL,NULL,NULL,''),
(276,'123515','Ida Farida, Amd Kep',NULL,NULL,NULL,NULL,NULL,NULL,NULL,NULL,NULL,NULL,NULL,NULL,NULL,''),
(277,'123863','Iik Nurhasanah',NULL,NULL,NULL,NULL,NULL,NULL,NULL,NULL,NULL,NULL,NULL,NULL,NULL,''),
(278,'123759','Iis Purnama, STr.Keb',NULL,NULL,NULL,NULL,NULL,NULL,NULL,NULL,NULL,NULL,NULL,NULL,NULL,''),
(279,'123833','Iis Rustini, AMK',NULL,NULL,NULL,NULL,NULL,NULL,NULL,NULL,NULL,NULL,NULL,NULL,NULL,''),
(280,'123617','Iis Sariningsih, Amd. Keb',NULL,NULL,NULL,NULL,NULL,NULL,NULL,NULL,NULL,NULL,NULL,NULL,NULL,''),
(281,'123488','Ika Sartika',NULL,NULL,NULL,NULL,NULL,NULL,NULL,NULL,NULL,NULL,NULL,NULL,NULL,''),
(282,'124043','Ika Sartika',NULL,NULL,NULL,NULL,NULL,NULL,NULL,NULL,NULL,NULL,NULL,NULL,NULL,''),
(283,'123545','Ilham Yanuar, Amd. Kep',NULL,NULL,NULL,NULL,NULL,NULL,NULL,NULL,NULL,NULL,NULL,NULL,NULL,''),
(284,'123657','Ilpa N, A.Md. Kep',NULL,NULL,NULL,NULL,NULL,NULL,NULL,NULL,NULL,NULL,NULL,NULL,NULL,''),
(285,'123492','Ima Melina',NULL,NULL,NULL,NULL,NULL,NULL,NULL,NULL,NULL,NULL,NULL,NULL,NULL,''),
(286,'123937','Imam Ahmad',NULL,NULL,NULL,NULL,NULL,NULL,NULL,NULL,NULL,NULL,NULL,NULL,NULL,''),
(287,'123803','Imam Sopyan C, Amd. Kep',NULL,NULL,NULL,NULL,NULL,NULL,NULL,NULL,NULL,NULL,NULL,NULL,NULL,''),
(288,'123861','Imas Dahlia',NULL,NULL,NULL,NULL,NULL,NULL,NULL,NULL,NULL,NULL,NULL,NULL,NULL,''),
(289,'123686','Imas Maryam, Amd. Kep',NULL,NULL,NULL,NULL,NULL,NULL,NULL,NULL,NULL,NULL,NULL,NULL,NULL,''),
(290,'123556','Imasriah, Amd. Kep ',NULL,NULL,NULL,NULL,NULL,NULL,NULL,NULL,NULL,NULL,NULL,NULL,NULL,''),
(291,'123838','Ina Ginanjar, Amd. Kep ',NULL,NULL,NULL,NULL,NULL,NULL,NULL,NULL,NULL,NULL,NULL,NULL,NULL,''),
(292,'123517','Ina Rismanawati',NULL,NULL,NULL,NULL,NULL,NULL,NULL,NULL,NULL,NULL,NULL,NULL,NULL,''),
(293,'123521','Indra Permadi S, Amd.Kep',NULL,NULL,NULL,NULL,NULL,NULL,NULL,NULL,NULL,NULL,NULL,NULL,NULL,''),
(294,'123915','Indra Setiawan',NULL,NULL,NULL,NULL,NULL,NULL,NULL,NULL,NULL,NULL,NULL,NULL,NULL,''),
(295,'123809','Indra Sobur',NULL,NULL,NULL,NULL,NULL,NULL,NULL,NULL,NULL,NULL,NULL,NULL,NULL,''),
(296,'123897','Indriani',NULL,NULL,NULL,NULL,NULL,NULL,NULL,NULL,NULL,NULL,NULL,NULL,NULL,''),
(297,'123719','Intan N. S, Amd.Kep',NULL,NULL,NULL,NULL,NULL,NULL,NULL,NULL,NULL,NULL,NULL,NULL,NULL,''),
(298,'123989','Intan Nurjanah, Amd. Keb',NULL,NULL,NULL,NULL,NULL,NULL,NULL,NULL,NULL,NULL,NULL,NULL,NULL,''),
(299,'123625','Intan Rahayu, Amd. Keb',NULL,NULL,NULL,NULL,NULL,NULL,NULL,NULL,NULL,NULL,NULL,NULL,NULL,''),
(300,'123637','Intan Siti Sarah, Amd. Keb',NULL,NULL,NULL,NULL,NULL,NULL,NULL,NULL,NULL,NULL,NULL,NULL,NULL,''),
(301,'123674','Iqbal Septiangga, Amd. Kep',NULL,NULL,NULL,NULL,NULL,NULL,NULL,NULL,NULL,NULL,NULL,NULL,NULL,''),
(302,'123801','Irfan Prasetyo, Amd. Kep',NULL,NULL,NULL,NULL,NULL,NULL,NULL,NULL,NULL,NULL,NULL,NULL,NULL,''),
(303,'123847','Irma Marlianti, Amd.Kep',NULL,NULL,NULL,NULL,NULL,NULL,NULL,NULL,NULL,NULL,NULL,NULL,NULL,''),
(304,'123724','Irna  R, Amd. Keb',NULL,NULL,NULL,NULL,NULL,NULL,NULL,NULL,NULL,NULL,NULL,NULL,NULL,''),
(305,'123764','Irna Adisti Silvanowaty,Amd.Kep',NULL,NULL,NULL,NULL,NULL,NULL,NULL,NULL,NULL,NULL,NULL,NULL,NULL,''),
(306,'123891','Irvan Febrianto',NULL,NULL,NULL,NULL,NULL,NULL,NULL,NULL,NULL,NULL,NULL,NULL,NULL,''),
(307,'123933','Isah Nurasifah',NULL,NULL,NULL,NULL,NULL,NULL,NULL,NULL,NULL,NULL,NULL,NULL,NULL,''),
(308,'123573','Ismawati, Amd. Kep, An',NULL,NULL,NULL,NULL,NULL,NULL,NULL,NULL,NULL,NULL,NULL,NULL,NULL,''),
(309,'123536','Isna Hernawati',NULL,NULL,NULL,NULL,NULL,NULL,NULL,NULL,NULL,NULL,NULL,NULL,NULL,''),
(310,'123527','Iswadi Idris, Amd Kep',NULL,NULL,NULL,NULL,NULL,NULL,NULL,NULL,NULL,NULL,NULL,NULL,NULL,''),
(311,'123470','Ita Julianti',NULL,NULL,NULL,NULL,NULL,NULL,NULL,NULL,NULL,NULL,NULL,NULL,NULL,''),
(312,'123623','Ita Lestari, Amd. Keb',NULL,NULL,NULL,NULL,NULL,NULL,NULL,NULL,NULL,NULL,NULL,NULL,NULL,''),
(313,'123627','Ita Tania, Amd. Keb',NULL,NULL,NULL,NULL,NULL,NULL,NULL,NULL,NULL,NULL,NULL,NULL,NULL,''),
(314,'123471','Itang Hidayat',NULL,NULL,NULL,NULL,NULL,NULL,NULL,NULL,NULL,NULL,NULL,NULL,NULL,''),
(315,'123829','Jeni Aria Gumilar, Amd. Kep ',NULL,NULL,NULL,NULL,NULL,NULL,NULL,NULL,NULL,NULL,NULL,NULL,NULL,''),
(316,'123483','Jepi Nugraha',NULL,NULL,NULL,NULL,NULL,NULL,NULL,NULL,NULL,NULL,NULL,NULL,NULL,''),
(317,'123900','Jimmy Muhaijir',NULL,NULL,NULL,NULL,NULL,NULL,NULL,NULL,NULL,NULL,NULL,NULL,NULL,''),
(318,'123752','Justy G, A.Md.Keb',NULL,NULL,NULL,NULL,NULL,NULL,NULL,NULL,NULL,NULL,NULL,NULL,NULL,''),
(319,'123826','Juwandi Rahman, Amd. Kep',NULL,NULL,NULL,NULL,NULL,NULL,NULL,NULL,NULL,NULL,NULL,NULL,NULL,''),
(320,'123732','Juwita A. Sibuea,Amd.Keb',NULL,NULL,NULL,NULL,NULL,NULL,NULL,NULL,NULL,NULL,NULL,NULL,NULL,''),
(321,'123804','Kamaludin A, Amd. Kep',NULL,NULL,NULL,NULL,NULL,NULL,NULL,NULL,NULL,NULL,NULL,NULL,NULL,''),
(322,'124030','Kasih Lestari',NULL,NULL,NULL,NULL,NULL,NULL,NULL,NULL,NULL,NULL,NULL,NULL,NULL,''),
(323,'123671','Katmo, AMK',NULL,NULL,NULL,NULL,NULL,NULL,NULL,NULL,NULL,NULL,NULL,NULL,NULL,''),
(324,'123825','Kencana Dewi,Amd Kep',NULL,NULL,NULL,NULL,NULL,NULL,NULL,NULL,NULL,NULL,NULL,NULL,NULL,''),
(325,'124010','Kiki Daraliana, A.Md.Keb',NULL,NULL,NULL,NULL,NULL,NULL,NULL,NULL,NULL,NULL,NULL,NULL,NULL,''),
(326,'124004','Kiki Septiani, Amd. Keb',NULL,NULL,NULL,NULL,NULL,NULL,NULL,NULL,NULL,NULL,NULL,NULL,NULL,''),
(327,'123498','Koswandi',NULL,NULL,NULL,NULL,NULL,NULL,NULL,NULL,NULL,NULL,NULL,NULL,NULL,''),
(328,'123538','Kurniasih, Amd.Kep',NULL,NULL,NULL,NULL,NULL,NULL,NULL,NULL,NULL,NULL,NULL,NULL,NULL,''),
(329,'123472','Kusmayadi',NULL,NULL,NULL,NULL,NULL,NULL,NULL,NULL,NULL,NULL,NULL,NULL,NULL,''),
(330,'123858','Lastriani',NULL,NULL,NULL,NULL,NULL,NULL,NULL,NULL,NULL,NULL,NULL,NULL,NULL,''),
(331,'123883','Lavia Awaloka, Amd. Kep',NULL,NULL,NULL,NULL,NULL,NULL,NULL,NULL,NULL,NULL,NULL,NULL,NULL,''),
(332,'123766','Leni Arifiani, Amd.Kep',NULL,NULL,NULL,NULL,NULL,NULL,NULL,NULL,NULL,NULL,NULL,NULL,NULL,''),
(333,'123755','Leni Nurkartikasari Amd. Keb',NULL,NULL,NULL,NULL,NULL,NULL,NULL,NULL,NULL,NULL,NULL,NULL,NULL,''),
(334,'123707','Leni Sumarni,Amd.Kep',NULL,NULL,NULL,NULL,NULL,NULL,NULL,NULL,NULL,NULL,NULL,NULL,NULL,''),
(335,'123598','Leny T, Amd. Kep',NULL,NULL,NULL,NULL,NULL,NULL,NULL,NULL,NULL,NULL,NULL,NULL,NULL,''),
(336,'123653','Lia Apriliani, A.Md. Kep',NULL,NULL,NULL,NULL,NULL,NULL,NULL,NULL,NULL,NULL,NULL,NULL,NULL,''),
(337,'124116','Lia Marliana',NULL,NULL,NULL,NULL,NULL,NULL,NULL,NULL,NULL,NULL,NULL,NULL,NULL,''),
(338,'123548','Lia Marliani,Amd.Kep',NULL,NULL,NULL,NULL,NULL,NULL,NULL,NULL,NULL,NULL,NULL,NULL,NULL,''),
(339,'123874','Lia Marliyanti, Amd Kep',NULL,NULL,NULL,NULL,NULL,NULL,NULL,NULL,NULL,NULL,NULL,NULL,NULL,''),
(340,'124149','Lia Mrlia',NULL,NULL,NULL,NULL,NULL,NULL,NULL,NULL,NULL,NULL,NULL,NULL,NULL,''),
(341,'124044','Lia Rahmalia',NULL,NULL,NULL,NULL,NULL,NULL,NULL,NULL,NULL,NULL,NULL,NULL,NULL,''),
(342,'123848','Lia Susanti, Amd. Kep',NULL,NULL,NULL,NULL,NULL,NULL,NULL,NULL,NULL,NULL,NULL,NULL,NULL,''),
(343,'124079','Lili Andriani,Amd.Kep',NULL,NULL,NULL,NULL,NULL,NULL,NULL,NULL,NULL,NULL,NULL,NULL,NULL,''),
(344,'123473','Lilis Badriah',NULL,NULL,NULL,NULL,NULL,NULL,NULL,NULL,NULL,NULL,NULL,NULL,NULL,''),
(345,'123581','Lilis rohanah',NULL,NULL,NULL,NULL,NULL,NULL,NULL,NULL,NULL,NULL,NULL,NULL,NULL,''),
(346,'124049','Lina Sumiarti, Amd. Kep',NULL,NULL,NULL,NULL,NULL,NULL,NULL,NULL,NULL,NULL,NULL,NULL,NULL,''),
(347,'123741','Linda Permanasari, Amd. Keb',NULL,NULL,NULL,NULL,NULL,NULL,NULL,NULL,NULL,NULL,NULL,NULL,NULL,''),
(348,'123737','Linda Prihatiningsih, Amd.Keb',NULL,NULL,NULL,NULL,NULL,NULL,NULL,NULL,NULL,NULL,NULL,NULL,NULL,''),
(349,'124117','Lisna Faridah',NULL,NULL,NULL,NULL,NULL,NULL,NULL,NULL,NULL,NULL,NULL,NULL,NULL,''),
(350,'123890','Lisna Lindia',NULL,NULL,NULL,NULL,NULL,NULL,NULL,NULL,NULL,NULL,NULL,NULL,NULL,''),
(351,'124002','Liza Muhaimin N, A. Md. Keb',NULL,NULL,NULL,NULL,NULL,NULL,NULL,NULL,NULL,NULL,NULL,NULL,NULL,''),
(352,'123554','Lukman Hayat, Amd. Kep',NULL,NULL,NULL,NULL,NULL,NULL,NULL,NULL,NULL,NULL,NULL,NULL,NULL,''),
(353,'123849','Lulu Lusyanti, Amd. Kep',NULL,NULL,NULL,NULL,NULL,NULL,NULL,NULL,NULL,NULL,NULL,NULL,NULL,''),
(354,'123922','Luluk Widiastuti',NULL,NULL,NULL,NULL,NULL,NULL,NULL,NULL,NULL,NULL,NULL,NULL,NULL,''),
(355,'123642','Lusa Ikhwani,Amd.Kep',NULL,NULL,NULL,NULL,NULL,NULL,NULL,NULL,NULL,NULL,NULL,NULL,NULL,''),
(356,'123693','Lusi Sri M, A. Md. Kep',NULL,NULL,NULL,NULL,NULL,NULL,NULL,NULL,NULL,NULL,NULL,NULL,NULL,''),
(357,'123559','Lutfi Nurzamzam, Amd. Kep',NULL,NULL,NULL,NULL,NULL,NULL,NULL,NULL,NULL,NULL,NULL,NULL,NULL,''),
(358,'123971','Luvi Andrian, Amd. Kep',NULL,NULL,NULL,NULL,NULL,NULL,NULL,NULL,NULL,NULL,NULL,NULL,NULL,''),
(359,'124153','M ILHAM',NULL,NULL,NULL,NULL,NULL,NULL,NULL,NULL,NULL,NULL,NULL,NULL,NULL,''),
(360,'123925','M Iqbal Nugraha',NULL,NULL,NULL,NULL,NULL,NULL,NULL,NULL,NULL,NULL,NULL,NULL,NULL,''),
(361,'124037','M Nazar',NULL,NULL,NULL,NULL,NULL,NULL,NULL,NULL,NULL,NULL,NULL,NULL,NULL,''),
(362,'124066','M Nurrifkie, S.Kep.Ners',NULL,NULL,NULL,NULL,NULL,NULL,NULL,NULL,NULL,NULL,NULL,NULL,NULL,''),
(363,'124036','M Ogie Hamzah',NULL,NULL,NULL,NULL,NULL,NULL,NULL,NULL,NULL,NULL,NULL,NULL,NULL,''),
(364,'123936','M Ricky Aditia',NULL,NULL,NULL,NULL,NULL,NULL,NULL,NULL,NULL,NULL,NULL,NULL,NULL,''),
(365,'123533','M Ridwan Ginanjar, Amd.Kep',NULL,NULL,NULL,NULL,NULL,NULL,NULL,NULL,NULL,NULL,NULL,NULL,NULL,''),
(366,'123879','M. Abdul Aziz, H, Amd. Kep ',NULL,NULL,NULL,NULL,NULL,NULL,NULL,NULL,NULL,NULL,NULL,NULL,NULL,''),
(367,'123785','M. Abubakar Sidik, Amd. Kep',NULL,NULL,NULL,NULL,NULL,NULL,NULL,NULL,NULL,NULL,NULL,NULL,NULL,''),
(368,'123805','M. Agung  M. Y, Amd. Kep',NULL,NULL,NULL,NULL,NULL,NULL,NULL,NULL,NULL,NULL,NULL,NULL,NULL,''),
(369,'123781','M. Anggie Haryono, Amd. Kep',NULL,NULL,NULL,NULL,NULL,NULL,NULL,NULL,NULL,NULL,NULL,NULL,NULL,''),
(370,'123599','M. Biqi S. Kep. Ners',NULL,NULL,NULL,NULL,NULL,NULL,NULL,NULL,NULL,NULL,NULL,NULL,NULL,''),
(371,'123673','M. Mauludin, Amd. Kep',NULL,NULL,NULL,NULL,NULL,NULL,NULL,NULL,NULL,NULL,NULL,NULL,NULL,''),
(372,'123600','M. Ricky Purnomo, S. Kep. Ners',NULL,NULL,NULL,NULL,NULL,NULL,NULL,NULL,NULL,NULL,NULL,NULL,NULL,''),
(373,'123684','M.Azhar WA, Amd.Kep',NULL,NULL,NULL,NULL,NULL,NULL,NULL,NULL,NULL,NULL,NULL,NULL,NULL,''),
(374,'123881','M.Rizal, A.Md.Kep',NULL,NULL,NULL,NULL,NULL,NULL,NULL,NULL,NULL,NULL,NULL,NULL,NULL,''),
(375,'123955','M.Siddiq Mutaqqin, A.Md.Kep',NULL,NULL,NULL,NULL,NULL,NULL,NULL,NULL,NULL,NULL,NULL,NULL,NULL,''),
(376,'123474','Maesyaroh',NULL,NULL,NULL,NULL,NULL,NULL,NULL,NULL,NULL,NULL,NULL,NULL,NULL,''),
(377,'124105','Mala Hermala',NULL,NULL,NULL,NULL,NULL,NULL,NULL,NULL,NULL,NULL,NULL,NULL,NULL,''),
(378,'123912','Maman Komar, Amd. Kep ',NULL,NULL,NULL,NULL,NULL,NULL,NULL,NULL,NULL,NULL,NULL,NULL,NULL,''),
(379,'123506','Mamat Rahmat,  S.Kep. Ners',NULL,NULL,NULL,NULL,NULL,NULL,NULL,NULL,NULL,NULL,NULL,NULL,NULL,''),
(380,'123738','Maria Dwi Arini,Am.Keb',NULL,NULL,NULL,NULL,NULL,NULL,NULL,NULL,NULL,NULL,NULL,NULL,NULL,''),
(381,'123620','Mariani Dwi L, Amd.Keb',NULL,NULL,NULL,NULL,NULL,NULL,NULL,NULL,NULL,NULL,NULL,NULL,NULL,''),
(382,'123562','Maulani Apriyani, A. Md. Kep',NULL,NULL,NULL,NULL,NULL,NULL,NULL,NULL,NULL,NULL,NULL,NULL,NULL,''),
(383,'124029','Mega ',NULL,NULL,NULL,NULL,NULL,NULL,NULL,NULL,NULL,NULL,NULL,NULL,NULL,''),
(384,'123742','Megawangi, Amd. Keb',NULL,NULL,NULL,NULL,NULL,NULL,NULL,NULL,NULL,NULL,NULL,NULL,NULL,''),
(385,'123778','Megri Silvia, Amd. Kep',NULL,NULL,NULL,NULL,NULL,NULL,NULL,NULL,NULL,NULL,NULL,NULL,NULL,''),
(386,'123961','Meita d, Amd. Kep',NULL,NULL,NULL,NULL,NULL,NULL,NULL,NULL,NULL,NULL,NULL,NULL,NULL,''),
(387,'123749','Mela Purnamasari, Amd. Keb',NULL,NULL,NULL,NULL,NULL,NULL,NULL,NULL,NULL,NULL,NULL,NULL,NULL,''),
(388,'123886','Melia Pini, Amd. Kep',NULL,NULL,NULL,NULL,NULL,NULL,NULL,NULL,NULL,NULL,NULL,NULL,NULL,''),
(389,'123868','Melvi',NULL,NULL,NULL,NULL,NULL,NULL,NULL,NULL,NULL,NULL,NULL,NULL,NULL,''),
(390,'123772','Mely Yulianti, Amd.Kep',NULL,NULL,NULL,NULL,NULL,NULL,NULL,NULL,NULL,NULL,NULL,NULL,NULL,''),
(391,'123887','Merisye Diniarti, Amd, Kep',NULL,NULL,NULL,NULL,NULL,NULL,NULL,NULL,NULL,NULL,NULL,NULL,NULL,''),
(392,'123787','Meta Ryka Mustika, Amd. Kep ',NULL,NULL,NULL,NULL,NULL,NULL,NULL,NULL,NULL,NULL,NULL,NULL,NULL,''),
(393,'123811','Meta Sri Mulyani',NULL,NULL,NULL,NULL,NULL,NULL,NULL,NULL,NULL,NULL,NULL,NULL,NULL,''),
(394,'123870','Mia Nurmayanti Ai Solihah',NULL,NULL,NULL,NULL,NULL,NULL,NULL,NULL,NULL,NULL,NULL,NULL,NULL,''),
(395,'123601','Moch Riki Julian, Amd. Kep',NULL,NULL,NULL,NULL,NULL,NULL,NULL,NULL,NULL,NULL,NULL,NULL,NULL,''),
(396,'123959','Moch. Firman, Amd. Kep',NULL,NULL,NULL,NULL,NULL,NULL,NULL,NULL,NULL,NULL,NULL,NULL,NULL,''),
(397,'123968','Moch. Ramdan Fauzi, S. Kep. Ners',NULL,NULL,NULL,NULL,NULL,NULL,NULL,NULL,NULL,NULL,NULL,NULL,NULL,''),
(398,'123567','Mochamad. Rega D, Amd. Kep',NULL,NULL,NULL,NULL,NULL,NULL,NULL,NULL,NULL,NULL,NULL,NULL,NULL,''),
(399,'124072','Mulyana Latief,Amd.Kep',NULL,NULL,NULL,NULL,NULL,NULL,NULL,NULL,NULL,NULL,NULL,NULL,NULL,''),
(400,'124091','N Abet Hadiani',NULL,NULL,NULL,NULL,NULL,NULL,NULL,NULL,NULL,NULL,NULL,NULL,NULL,''),
(401,'124000','Nada Nazwa Novainda, Amd. Kep',NULL,NULL,NULL,NULL,NULL,NULL,NULL,NULL,NULL,NULL,NULL,NULL,NULL,''),
(402,'123775','Nadiatulwahidah',NULL,NULL,NULL,NULL,NULL,NULL,NULL,NULL,NULL,NULL,NULL,NULL,NULL,''),
(403,'123522','Nana Diana',NULL,NULL,NULL,NULL,NULL,NULL,NULL,NULL,NULL,NULL,NULL,NULL,NULL,''),
(404,'123771','NANANG',NULL,NULL,NULL,NULL,NULL,NULL,NULL,NULL,NULL,NULL,NULL,NULL,NULL,''),
(405,'123950','Nanden Dewi Marini, Amd. Kep',NULL,NULL,NULL,NULL,NULL,NULL,NULL,NULL,NULL,NULL,NULL,NULL,NULL,''),
(406,'123999','Nani Sri Haryati, Amd.Keb',NULL,NULL,NULL,NULL,NULL,NULL,NULL,NULL,NULL,NULL,NULL,NULL,NULL,''),
(407,'123694','Nani Sumiati,Amd.Kep',NULL,NULL,NULL,NULL,NULL,NULL,NULL,NULL,NULL,NULL,NULL,NULL,NULL,''),
(408,'123701','Nathifah, Amk',NULL,NULL,NULL,NULL,NULL,NULL,NULL,NULL,NULL,NULL,NULL,NULL,NULL,''),
(409,'123878','Nefi Yunita,Amd Kep',NULL,NULL,NULL,NULL,NULL,NULL,NULL,NULL,NULL,NULL,NULL,NULL,NULL,''),
(410,'124013','Neli Herleni, A. Md. Keb',NULL,NULL,NULL,NULL,NULL,NULL,NULL,NULL,NULL,NULL,NULL,NULL,NULL,''),
(411,'123796','Neneng Herlina,Amd Kep',NULL,NULL,NULL,NULL,NULL,NULL,NULL,NULL,NULL,NULL,NULL,NULL,NULL,''),
(412,'123526','Neneng Nuraeni, Amd.Kep',NULL,NULL,NULL,NULL,NULL,NULL,NULL,NULL,NULL,NULL,NULL,NULL,NULL,''),
(413,'123677','Neng Erni Ratnawati, Amd. Kep',NULL,NULL,NULL,NULL,NULL,NULL,NULL,NULL,NULL,NULL,NULL,NULL,NULL,''),
(414,'124069','Neng Intan,Amd.Kep ',NULL,NULL,NULL,NULL,NULL,NULL,NULL,NULL,NULL,NULL,NULL,NULL,NULL,''),
(415,'124007','Neng Nita R, A.Md.Keb',NULL,NULL,NULL,NULL,NULL,NULL,NULL,NULL,NULL,NULL,NULL,NULL,NULL,''),
(416,'124121','Neng Ratna Yuliana',NULL,NULL,NULL,NULL,NULL,NULL,NULL,NULL,NULL,NULL,NULL,NULL,NULL,''),
(417,'123634','Neng Resty M, Amd.Keb',NULL,NULL,NULL,NULL,NULL,NULL,NULL,NULL,NULL,NULL,NULL,NULL,NULL,''),
(418,'123666','Neng Salmah Fauzi, Amd Kep',NULL,NULL,NULL,NULL,NULL,NULL,NULL,NULL,NULL,NULL,NULL,NULL,NULL,''),
(419,'123680','Neng Susi Susanti, Amd Kep',NULL,NULL,NULL,NULL,NULL,NULL,NULL,NULL,NULL,NULL,NULL,NULL,NULL,''),
(420,'123821','Neng Susi T ,Amd Kep',NULL,NULL,NULL,NULL,NULL,NULL,NULL,NULL,NULL,NULL,NULL,NULL,NULL,''),
(421,'124083','Neni Haryani Karmana',NULL,NULL,NULL,NULL,NULL,NULL,NULL,NULL,NULL,NULL,NULL,NULL,NULL,''),
(422,'123660','Neni Sri Rahman, Amd. Kep',NULL,NULL,NULL,NULL,NULL,NULL,NULL,NULL,NULL,NULL,NULL,NULL,NULL,''),
(423,'123990','Neni Suherni, Amd. Keb',NULL,NULL,NULL,NULL,NULL,NULL,NULL,NULL,NULL,NULL,NULL,NULL,NULL,''),
(424,'123689','Nephi Susanti, Amd. Kep',NULL,NULL,NULL,NULL,NULL,NULL,NULL,NULL,NULL,NULL,NULL,NULL,NULL,''),
(425,'123740','Netty Fiqriani A, Amd. Keb',NULL,NULL,NULL,NULL,NULL,NULL,NULL,NULL,NULL,NULL,NULL,NULL,NULL,''),
(426,'124052','Nevi  Arianti, Amd. Kep',NULL,NULL,NULL,NULL,NULL,NULL,NULL,NULL,NULL,NULL,NULL,NULL,NULL,''),
(427,'123850','Nia Andriani, Amd. Kep',NULL,NULL,NULL,NULL,NULL,NULL,NULL,NULL,NULL,NULL,NULL,NULL,NULL,''),
(428,'123795','Nia Handayani,Amd Kep',NULL,NULL,NULL,NULL,NULL,NULL,NULL,NULL,NULL,NULL,NULL,NULL,NULL,''),
(429,'123582','Nia Kurniasih',NULL,NULL,NULL,NULL,NULL,NULL,NULL,NULL,NULL,NULL,NULL,NULL,NULL,''),
(430,'124135','Nia Kurniasih',NULL,NULL,NULL,NULL,NULL,NULL,NULL,NULL,NULL,NULL,NULL,NULL,NULL,''),
(431,'123727','Nia Yuliana, Amd. Kep',NULL,NULL,NULL,NULL,NULL,NULL,NULL,NULL,NULL,NULL,NULL,NULL,NULL,''),
(432,'124108','Nina Mahdalena',NULL,NULL,NULL,NULL,NULL,NULL,NULL,NULL,NULL,NULL,NULL,NULL,NULL,''),
(433,'124068','Nina Nuraisyah,Amd.Kep',NULL,NULL,NULL,NULL,NULL,NULL,NULL,NULL,NULL,NULL,NULL,NULL,NULL,''),
(434,'123744','Ninik Nafisah, Amd. Keb',NULL,NULL,NULL,NULL,NULL,NULL,NULL,NULL,NULL,NULL,NULL,NULL,NULL,''),
(435,'123995','Nisa Gandasari, Amd. Keb',NULL,NULL,NULL,NULL,NULL,NULL,NULL,NULL,NULL,NULL,NULL,NULL,NULL,''),
(436,'123520','Nita Ruspianti, Amd. Kep',NULL,NULL,NULL,NULL,NULL,NULL,NULL,NULL,NULL,NULL,NULL,NULL,NULL,''),
(437,'123757','Nitta Arum, Amd. Keb',NULL,NULL,NULL,NULL,NULL,NULL,NULL,NULL,NULL,NULL,NULL,NULL,NULL,''),
(438,'123633','Noer Apriani, Amd. Keb',NULL,NULL,NULL,NULL,NULL,NULL,NULL,NULL,NULL,NULL,NULL,NULL,NULL,''),
(439,'124054','Noki  Yudistira, Amd. Kep',NULL,NULL,NULL,NULL,NULL,NULL,NULL,NULL,NULL,NULL,NULL,NULL,NULL,''),
(440,'123626','Noor Latifah, Amd.Keb',NULL,NULL,NULL,NULL,NULL,NULL,NULL,NULL,NULL,NULL,NULL,NULL,NULL,''),
(441,'124098','Novel Ruly Asrulyansyah',NULL,NULL,NULL,NULL,NULL,NULL,NULL,NULL,NULL,NULL,NULL,NULL,NULL,''),
(442,'123621','Novi Ari Astuti, Amd. Keb',NULL,NULL,NULL,NULL,NULL,NULL,NULL,NULL,NULL,NULL,NULL,NULL,NULL,''),
(443,'123484','Novi Nuraeni',NULL,NULL,NULL,NULL,NULL,NULL,NULL,NULL,NULL,NULL,NULL,NULL,NULL,''),
(444,'123823','Novi Solehawati,Amd Kep',NULL,NULL,NULL,NULL,NULL,NULL,NULL,NULL,NULL,NULL,NULL,NULL,NULL,''),
(445,'123903','Novia Sri A, Amd.Kep',NULL,NULL,NULL,NULL,NULL,NULL,NULL,NULL,NULL,NULL,NULL,NULL,NULL,''),
(446,'123718','Nuligar Savitri, Amd. Kep',NULL,NULL,NULL,NULL,NULL,NULL,NULL,NULL,NULL,NULL,NULL,NULL,NULL,''),
(447,'124003','Nunick, Amd. Keb',NULL,NULL,NULL,NULL,NULL,NULL,NULL,NULL,NULL,NULL,NULL,NULL,NULL,''),
(448,'124104','Nunung ',NULL,NULL,NULL,NULL,NULL,NULL,NULL,NULL,NULL,NULL,NULL,NULL,NULL,''),
(449,'123504','Nunuy Asiah, S. Kep. Ners',NULL,NULL,NULL,NULL,NULL,NULL,NULL,NULL,NULL,NULL,NULL,NULL,NULL,''),
(450,'123697','Nuralisa,Amd. Kep',NULL,NULL,NULL,NULL,NULL,NULL,NULL,NULL,NULL,NULL,NULL,NULL,NULL,''),
(451,'123813','Nurhajar',NULL,NULL,NULL,NULL,NULL,NULL,NULL,NULL,NULL,NULL,NULL,NULL,NULL,''),
(452,'123715','Nurhasanah,Amd.Kep',NULL,NULL,NULL,NULL,NULL,NULL,NULL,NULL,NULL,NULL,NULL,NULL,NULL,''),
(453,'123939','Nurtriana Permana',NULL,NULL,NULL,NULL,NULL,NULL,NULL,NULL,NULL,NULL,NULL,NULL,NULL,''),
(454,'123632','Nurul Fitriani, A. Md. Keb',NULL,NULL,NULL,NULL,NULL,NULL,NULL,NULL,NULL,NULL,NULL,NULL,NULL,''),
(455,'124056','Nurul Iman, Amd. Kep',NULL,NULL,NULL,NULL,NULL,NULL,NULL,NULL,NULL,NULL,NULL,NULL,NULL,''),
(456,'123716','Nurul Ulfah R, Amd.Kep',NULL,NULL,NULL,NULL,NULL,NULL,NULL,NULL,NULL,NULL,NULL,NULL,NULL,''),
(457,'123531','Nuryenti,Amd. Kep',NULL,NULL,NULL,NULL,NULL,NULL,NULL,NULL,NULL,NULL,NULL,NULL,NULL,''),
(458,'123546','Okeu Selviana, Amd. Kep',NULL,NULL,NULL,NULL,NULL,NULL,NULL,NULL,NULL,NULL,NULL,NULL,NULL,''),
(459,'124107','Pandu Putra Pamungkas',NULL,NULL,NULL,NULL,NULL,NULL,NULL,NULL,NULL,NULL,NULL,NULL,NULL,''),
(460,'124005','Peni Purnama R, A. Md. Keb',NULL,NULL,NULL,NULL,NULL,NULL,NULL,NULL,NULL,NULL,NULL,NULL,NULL,''),
(461,'123977','Peri Supriadi, Amd. Kep',NULL,NULL,NULL,NULL,NULL,NULL,NULL,NULL,NULL,NULL,NULL,NULL,NULL,''),
(462,'123628','Peronika Pahpakan, Amd.Keb',NULL,NULL,NULL,NULL,NULL,NULL,NULL,NULL,NULL,NULL,NULL,NULL,NULL,''),
(463,'124016','Poni lisnawati, Amd. Keb',NULL,NULL,NULL,NULL,NULL,NULL,NULL,NULL,NULL,NULL,NULL,NULL,NULL,''),
(464,'123717','Puja Ismayanti, Amd. Kep',NULL,NULL,NULL,NULL,NULL,NULL,NULL,NULL,NULL,NULL,NULL,NULL,NULL,''),
(465,'123958','Pujiawati, Amd. Kep',NULL,NULL,NULL,NULL,NULL,NULL,NULL,NULL,NULL,NULL,NULL,NULL,NULL,''),
(466,'124106','Puspita',NULL,NULL,NULL,NULL,NULL,NULL,NULL,NULL,NULL,NULL,NULL,NULL,NULL,''),
(467,'124024','Putri Meisy, Amd. Keb',NULL,NULL,NULL,NULL,NULL,NULL,NULL,NULL,NULL,NULL,NULL,NULL,NULL,''),
(468,'123865','Putri Nurfitriani',NULL,NULL,NULL,NULL,NULL,NULL,NULL,NULL,NULL,NULL,NULL,NULL,NULL,''),
(469,'123602','Putu Agung B, Amd.Kep',NULL,NULL,NULL,NULL,NULL,NULL,NULL,NULL,NULL,NULL,NULL,NULL,NULL,''),
(470,'123543','R Adi Setiawan ',NULL,NULL,NULL,NULL,NULL,NULL,NULL,NULL,NULL,NULL,NULL,NULL,NULL,''),
(471,'123603','R. Fahmi Reza, Amd. Kep',NULL,NULL,NULL,NULL,NULL,NULL,NULL,NULL,NULL,NULL,NULL,NULL,NULL,''),
(472,'123996','R. Gita Nadia Putri, Amd. Keb ',NULL,NULL,NULL,NULL,NULL,NULL,NULL,NULL,NULL,NULL,NULL,NULL,NULL,''),
(473,'123604','R. M. Irman F, Amd. Kep',NULL,NULL,NULL,NULL,NULL,NULL,NULL,NULL,NULL,NULL,NULL,NULL,NULL,''),
(474,'123725','R. Meida  A. A, Amd. Keb',NULL,NULL,NULL,NULL,NULL,NULL,NULL,NULL,NULL,NULL,NULL,NULL,NULL,''),
(475,'123966','R.K Eneng Intan, Amk',NULL,NULL,NULL,NULL,NULL,NULL,NULL,NULL,NULL,NULL,NULL,NULL,NULL,''),
(476,'123842','Rahdian, Amd. Kep',NULL,NULL,NULL,NULL,NULL,NULL,NULL,NULL,NULL,NULL,NULL,NULL,NULL,''),
(477,'123975','Rahman Jaidi, Amd.Kep',NULL,NULL,NULL,NULL,NULL,NULL,NULL,NULL,NULL,NULL,NULL,NULL,NULL,''),
(478,'123862','Rahmat Irandi',NULL,NULL,NULL,NULL,NULL,NULL,NULL,NULL,NULL,NULL,NULL,NULL,NULL,''),
(479,'123669','Rahmat Purwa Darajat, Amd. Kep',NULL,NULL,NULL,NULL,NULL,NULL,NULL,NULL,NULL,NULL,NULL,NULL,NULL,''),
(480,'123475','Ramdan Hambali',NULL,NULL,NULL,NULL,NULL,NULL,NULL,NULL,NULL,NULL,NULL,NULL,NULL,''),
(481,'123930','Ramlan Kusyeri',NULL,NULL,NULL,NULL,NULL,NULL,NULL,NULL,NULL,NULL,NULL,NULL,NULL,''),
(482,'123931','Randika Firdaus, S.Kep,Ners',NULL,NULL,NULL,NULL,NULL,NULL,NULL,NULL,NULL,NULL,NULL,NULL,NULL,''),
(483,'123739','Rani Kusumawati,Amd.Keb',NULL,NULL,NULL,NULL,NULL,NULL,NULL,NULL,NULL,NULL,NULL,NULL,NULL,''),
(484,'123815','Rani Nivianti',NULL,NULL,NULL,NULL,NULL,NULL,NULL,NULL,NULL,NULL,NULL,NULL,NULL,''),
(485,'123953','Rani Rohmawati, A.Md.Kep',NULL,NULL,NULL,NULL,NULL,NULL,NULL,NULL,NULL,NULL,NULL,NULL,NULL,''),
(486,'123706','Ranny Rachmawati,Amd.Kep',NULL,NULL,NULL,NULL,NULL,NULL,NULL,NULL,NULL,NULL,NULL,NULL,NULL,''),
(487,'124094','Ratu Halimatusadiah',NULL,NULL,NULL,NULL,NULL,NULL,NULL,NULL,NULL,NULL,NULL,NULL,NULL,''),
(488,'124096','Regia  Seventina Situmorang',NULL,NULL,NULL,NULL,NULL,NULL,NULL,NULL,NULL,NULL,NULL,NULL,NULL,''),
(489,'124053','Reja Mauludin, Amd. Kep',NULL,NULL,NULL,NULL,NULL,NULL,NULL,NULL,NULL,NULL,NULL,NULL,NULL,''),
(490,'123929','Reni Anggraeni',NULL,NULL,NULL,NULL,NULL,NULL,NULL,NULL,NULL,NULL,NULL,NULL,NULL,''),
(491,'124026','Reni Hardianti, Amd. Keb',NULL,NULL,NULL,NULL,NULL,NULL,NULL,NULL,NULL,NULL,NULL,NULL,NULL,''),
(492,'123869','Renny',NULL,NULL,NULL,NULL,NULL,NULL,NULL,NULL,NULL,NULL,NULL,NULL,NULL,''),
(493,'123651','Resha Tusniawati, Amd. Keb',NULL,NULL,NULL,NULL,NULL,NULL,NULL,NULL,NULL,NULL,NULL,NULL,NULL,''),
(494,'124077','Resha Yuliani, Amd. Kep',NULL,NULL,NULL,NULL,NULL,NULL,NULL,NULL,NULL,NULL,NULL,NULL,NULL,''),
(495,'123909','Resi Susanti D, Amd. Kep',NULL,NULL,NULL,NULL,NULL,NULL,NULL,NULL,NULL,NULL,NULL,NULL,NULL,''),
(496,'123839','Resniati Gumilar,Amd.Kep',NULL,NULL,NULL,NULL,NULL,NULL,NULL,NULL,NULL,NULL,NULL,NULL,NULL,''),
(497,'123851','Resti Mawaddah,Amd. Kep',NULL,NULL,NULL,NULL,NULL,NULL,NULL,NULL,NULL,NULL,NULL,NULL,NULL,''),
(498,'123753','Resti Rustina, Amd. Keb',NULL,NULL,NULL,NULL,NULL,NULL,NULL,NULL,NULL,NULL,NULL,NULL,NULL,''),
(499,'123721','Restika Risna P, Amd. Keb',NULL,NULL,NULL,NULL,NULL,NULL,NULL,NULL,NULL,NULL,NULL,NULL,NULL,''),
(500,'123894','Restu Faizal',NULL,NULL,NULL,NULL,NULL,NULL,NULL,NULL,NULL,NULL,NULL,NULL,NULL,''),
(501,'123840','Revi Oktopiandi, Amd. Kep',NULL,NULL,NULL,NULL,NULL,NULL,NULL,NULL,NULL,NULL,NULL,NULL,NULL,''),
(502,'123871','Ria',NULL,NULL,NULL,NULL,NULL,NULL,NULL,NULL,NULL,NULL,NULL,NULL,NULL,''),
(503,'123790','Rian Fahlepi, Amd. Kep',NULL,NULL,NULL,NULL,NULL,NULL,NULL,NULL,NULL,NULL,NULL,NULL,NULL,''),
(504,'123981','Rian, Amd. Kep',NULL,NULL,NULL,NULL,NULL,NULL,NULL,NULL,NULL,NULL,NULL,NULL,NULL,''),
(505,'123983','Riani Ulfah, Amd. Kep',NULL,NULL,NULL,NULL,NULL,NULL,NULL,NULL,NULL,NULL,NULL,NULL,NULL,''),
(506,'124021','Rianti M, Amd. Keb',NULL,NULL,NULL,NULL,NULL,NULL,NULL,NULL,NULL,NULL,NULL,NULL,NULL,''),
(507,'123812','Richa Andriani',NULL,NULL,NULL,NULL,NULL,NULL,NULL,NULL,NULL,NULL,NULL,NULL,NULL,''),
(508,'123509','Richa fustirayani, Amd.Keb',NULL,NULL,NULL,NULL,NULL,NULL,NULL,NULL,NULL,NULL,NULL,NULL,NULL,''),
(509,'123793','Ricke Maya, Amd. Kep',NULL,NULL,NULL,NULL,NULL,NULL,NULL,NULL,NULL,NULL,NULL,NULL,NULL,''),
(510,'123497','Ricki Yuliana',NULL,NULL,NULL,NULL,NULL,NULL,NULL,NULL,NULL,NULL,NULL,NULL,NULL,''),
(511,'123814','Ridrid Nurfarid',NULL,NULL,NULL,NULL,NULL,NULL,NULL,NULL,NULL,NULL,NULL,NULL,NULL,''),
(512,'123675','Rifki Arpan, Amd. Kep, S. KM',NULL,NULL,NULL,NULL,NULL,NULL,NULL,NULL,NULL,NULL,NULL,NULL,NULL,''),
(513,'123910','Rifki Lukman F, Amd. Kep ',NULL,NULL,NULL,NULL,NULL,NULL,NULL,NULL,NULL,NULL,NULL,NULL,NULL,''),
(514,'123994','Rika Nurwulansari, Amd. Kep',NULL,NULL,NULL,NULL,NULL,NULL,NULL,NULL,NULL,NULL,NULL,NULL,NULL,''),
(515,'123827','Rika Pratiwi, Amd. Kep',NULL,NULL,NULL,NULL,NULL,NULL,NULL,NULL,NULL,NULL,NULL,NULL,NULL,''),
(516,'123605','Rima Pebriani, A. Md. Kep',NULL,NULL,NULL,NULL,NULL,NULL,NULL,NULL,NULL,NULL,NULL,NULL,NULL,''),
(517,'123948','Rima Phitriyani,Amd.Kep',NULL,NULL,NULL,NULL,NULL,NULL,NULL,NULL,NULL,NULL,NULL,NULL,NULL,''),
(518,'124115','Rima Rubianti',NULL,NULL,NULL,NULL,NULL,NULL,NULL,NULL,NULL,NULL,NULL,NULL,NULL,''),
(519,'124080','Rina Aprilia R, Amd. Kep',NULL,NULL,NULL,NULL,NULL,NULL,NULL,NULL,NULL,NULL,NULL,NULL,NULL,''),
(520,'123659','Rina Asdianti, Amd.Kep',NULL,NULL,NULL,NULL,NULL,NULL,NULL,NULL,NULL,NULL,NULL,NULL,NULL,''),
(521,'123963','Rina Herliani, Amd. Kep',NULL,NULL,NULL,NULL,NULL,NULL,NULL,NULL,NULL,NULL,NULL,NULL,NULL,''),
(522,'123957','Rina Marlina,Amd. Kep',NULL,NULL,NULL,NULL,NULL,NULL,NULL,NULL,NULL,NULL,NULL,NULL,NULL,''),
(523,'124025','Rina Rahmawaty, Amd.Keb',NULL,NULL,NULL,NULL,NULL,NULL,NULL,NULL,NULL,NULL,NULL,NULL,NULL,''),
(524,'123807','Rina, Amd. Kep',NULL,NULL,NULL,NULL,NULL,NULL,NULL,NULL,NULL,NULL,NULL,NULL,NULL,''),
(525,'124078','Rindu Ananda, Amd. Kep',NULL,NULL,NULL,NULL,NULL,NULL,NULL,NULL,NULL,NULL,NULL,NULL,NULL,''),
(526,'123889','Rinrin Noviarini',NULL,NULL,NULL,NULL,NULL,NULL,NULL,NULL,NULL,NULL,NULL,NULL,NULL,''),
(527,'123535','Rinrin Susiltiawati, Amd. Kep',NULL,NULL,NULL,NULL,NULL,NULL,NULL,NULL,NULL,NULL,NULL,NULL,NULL,''),
(528,'123789','Risa Desianti E,Amd.Kep',NULL,NULL,NULL,NULL,NULL,NULL,NULL,NULL,NULL,NULL,NULL,NULL,NULL,''),
(529,'123606','Risda Iskandar, Amd, Kep',NULL,NULL,NULL,NULL,NULL,NULL,NULL,NULL,NULL,NULL,NULL,NULL,NULL,''),
(530,'124064','Risma Apriliani, Amd. Kep',NULL,NULL,NULL,NULL,NULL,NULL,NULL,NULL,NULL,NULL,NULL,NULL,NULL,''),
(531,'123683','Risma Julia, Amd. Kep',NULL,NULL,NULL,NULL,NULL,NULL,NULL,NULL,NULL,NULL,NULL,NULL,NULL,''),
(532,'123720','Rismayanti, Amd. Kep',NULL,NULL,NULL,NULL,NULL,NULL,NULL,NULL,NULL,NULL,NULL,NULL,NULL,''),
(533,'123607','Rizal Maulana, Amd.Kep',NULL,NULL,NULL,NULL,NULL,NULL,NULL,NULL,NULL,NULL,NULL,NULL,NULL,''),
(534,'123608','Rizal Rudiansyah, Amd.Kep',NULL,NULL,NULL,NULL,NULL,NULL,NULL,NULL,NULL,NULL,NULL,NULL,NULL,''),
(535,'123564','Rizki Nurdiansyah, Amd. Keb',NULL,NULL,NULL,NULL,NULL,NULL,NULL,NULL,NULL,NULL,NULL,NULL,NULL,''),
(536,'123698','Roby Firmansyah,Amd.Kep',NULL,NULL,NULL,NULL,NULL,NULL,NULL,NULL,NULL,NULL,NULL,NULL,NULL,''),
(537,'123852','Roby Noviansyah, Amd. Kep',NULL,NULL,NULL,NULL,NULL,NULL,NULL,NULL,NULL,NULL,NULL,NULL,NULL,''),
(538,'123768','Rochida,Amd Kep',NULL,NULL,NULL,NULL,NULL,NULL,NULL,NULL,NULL,NULL,NULL,NULL,NULL,''),
(539,'123853','Rochilah, Amd. Kep',NULL,NULL,NULL,NULL,NULL,NULL,NULL,NULL,NULL,NULL,NULL,NULL,NULL,''),
(540,'123978','Roni Arisandi, Amd. Kep',NULL,NULL,NULL,NULL,NULL,NULL,NULL,NULL,NULL,NULL,NULL,NULL,NULL,''),
(541,'123892','Rosep Kurnia',NULL,NULL,NULL,NULL,NULL,NULL,NULL,NULL,NULL,NULL,NULL,NULL,NULL,''),
(542,'124012','Rosi Rosmiati, Amd.Keb',NULL,NULL,NULL,NULL,NULL,NULL,NULL,NULL,NULL,NULL,NULL,NULL,NULL,''),
(543,'123896','Rosmiati',NULL,NULL,NULL,NULL,NULL,NULL,NULL,NULL,NULL,NULL,NULL,NULL,NULL,''),
(544,'124031','Rufi Farida',NULL,NULL,NULL,NULL,NULL,NULL,NULL,NULL,NULL,NULL,NULL,NULL,NULL,''),
(545,'124063','Rully Sobur, Amd. Kep',NULL,NULL,NULL,NULL,NULL,NULL,NULL,NULL,NULL,NULL,NULL,NULL,NULL,''),
(546,'123819','Rusmiati',NULL,NULL,NULL,NULL,NULL,NULL,NULL,NULL,NULL,NULL,NULL,NULL,NULL,''),
(547,'123965','Ryan Pratama Putra, Amd. Kep',NULL,NULL,NULL,NULL,NULL,NULL,NULL,NULL,NULL,NULL,NULL,NULL,NULL,''),
(548,'123911','Ryzki Rosiawan L,Amd.Kep ',NULL,NULL,NULL,NULL,NULL,NULL,NULL,NULL,NULL,NULL,NULL,NULL,NULL,''),
(549,'123542','Saepul Anwar',NULL,NULL,NULL,NULL,NULL,NULL,NULL,NULL,NULL,NULL,NULL,NULL,NULL,''),
(550,'123568','Saepul Iman, Amd. Kep.An',NULL,NULL,NULL,NULL,NULL,NULL,NULL,NULL,NULL,NULL,NULL,NULL,NULL,''),
(551,'123708','Salti Ambarwati,Amd.Kep',NULL,NULL,NULL,NULL,NULL,NULL,NULL,NULL,NULL,NULL,NULL,NULL,NULL,''),
(552,'123800','Samsudin, Amd.Kep',NULL,NULL,NULL,NULL,NULL,NULL,NULL,NULL,NULL,NULL,NULL,NULL,NULL,''),
(553,'123672','Sandi Wibawa, Amd. Kep',NULL,NULL,NULL,NULL,NULL,NULL,NULL,NULL,NULL,NULL,NULL,NULL,NULL,''),
(554,'124041','Sandra Senta',NULL,NULL,NULL,NULL,NULL,NULL,NULL,NULL,NULL,NULL,NULL,NULL,NULL,''),
(555,'124008','Sandra Y, A.Md.Keb',NULL,NULL,NULL,NULL,NULL,NULL,NULL,NULL,NULL,NULL,NULL,NULL,NULL,''),
(556,'123648','Santi Nurnopariyanti, Amd . Kep',NULL,NULL,NULL,NULL,NULL,NULL,NULL,NULL,NULL,NULL,NULL,NULL,NULL,''),
(557,'123679','Santi Rukmini, Amd Kep',NULL,NULL,NULL,NULL,NULL,NULL,NULL,NULL,NULL,NULL,NULL,NULL,NULL,''),
(558,'123712','Santi Sumiati,Amd.Kep',NULL,NULL,NULL,NULL,NULL,NULL,NULL,NULL,NULL,NULL,NULL,NULL,NULL,''),
(559,'123495','Santi Susania',NULL,NULL,NULL,NULL,NULL,NULL,NULL,NULL,NULL,NULL,NULL,NULL,NULL,''),
(560,'123499','Santi Susilawati Sukma',NULL,NULL,NULL,NULL,NULL,NULL,NULL,NULL,NULL,NULL,NULL,NULL,NULL,''),
(561,'124023','Sarah Windari, Amd. Keb',NULL,NULL,NULL,NULL,NULL,NULL,NULL,NULL,NULL,NULL,NULL,NULL,NULL,''),
(562,'123876','Selly Agustiani,Amd Kep',NULL,NULL,NULL,NULL,NULL,NULL,NULL,NULL,NULL,NULL,NULL,NULL,NULL,''),
(563,'123622','Seni Hazani M, Amd. Keb',NULL,NULL,NULL,NULL,NULL,NULL,NULL,NULL,NULL,NULL,NULL,NULL,NULL,''),
(564,'123731','Septia H, Amd. Kep',NULL,NULL,NULL,NULL,NULL,NULL,NULL,NULL,NULL,NULL,NULL,NULL,NULL,''),
(565,'124058','Shintia Azizah, Amd. Kep',NULL,NULL,NULL,NULL,NULL,NULL,NULL,NULL,NULL,NULL,NULL,NULL,NULL,''),
(566,'123962','Sigit Dwiantoro, Amd. Kep',NULL,NULL,NULL,NULL,NULL,NULL,NULL,NULL,NULL,NULL,NULL,NULL,NULL,''),
(567,'123618','Silviah Zumala, Amd.Keb',NULL,NULL,NULL,NULL,NULL,NULL,NULL,NULL,NULL,NULL,NULL,NULL,NULL,''),
(568,'123831','Sinta Septiani, Amd. Kep',NULL,NULL,NULL,NULL,NULL,NULL,NULL,NULL,NULL,NULL,NULL,NULL,NULL,''),
(569,'123685','Siska Saraswati, A.Md.Kep',NULL,NULL,NULL,NULL,NULL,NULL,NULL,NULL,NULL,NULL,NULL,NULL,NULL,''),
(570,'123676','Siswati, Amd Kep',NULL,NULL,NULL,NULL,NULL,NULL,NULL,NULL,NULL,NULL,NULL,NULL,NULL,''),
(571,'124018','Siti Aidah, Amd. Keb',NULL,NULL,NULL,NULL,NULL,NULL,NULL,NULL,NULL,NULL,NULL,NULL,NULL,''),
(572,'124139','Siti Hajar',NULL,NULL,NULL,NULL,NULL,NULL,NULL,NULL,NULL,NULL,NULL,NULL,NULL,''),
(573,'123670','Siti Hermawati, S. Kep. Ners',NULL,NULL,NULL,NULL,NULL,NULL,NULL,NULL,NULL,NULL,NULL,NULL,NULL,''),
(574,'123750','Siti Ipih Apiah, Amd. Keb',NULL,NULL,NULL,NULL,NULL,NULL,NULL,NULL,NULL,NULL,NULL,NULL,NULL,''),
(575,'123713','Siti Najilah,Amd.Kep',NULL,NULL,NULL,NULL,NULL,NULL,NULL,NULL,NULL,NULL,NULL,NULL,NULL,''),
(576,'123476','Siti Neni',NULL,NULL,NULL,NULL,NULL,NULL,NULL,NULL,NULL,NULL,NULL,NULL,NULL,''),
(577,'123654','Siti Rohmah, Amd.Kep',NULL,NULL,NULL,NULL,NULL,NULL,NULL,NULL,NULL,NULL,NULL,NULL,NULL,''),
(578,'123747','Siti Suci Hoeriah, Amd. Keb',NULL,NULL,NULL,NULL,NULL,NULL,NULL,NULL,NULL,NULL,NULL,NULL,NULL,''),
(579,'124020','Siti Wulan, Amd. Keb',NULL,NULL,NULL,NULL,NULL,NULL,NULL,NULL,NULL,NULL,NULL,NULL,NULL,''),
(580,'124017','Siti Yayah, A.Md.Keb',NULL,NULL,NULL,NULL,NULL,NULL,NULL,NULL,NULL,NULL,NULL,NULL,NULL,''),
(581,'124019','Sitti Ummu K, Amd. Keb',NULL,NULL,NULL,NULL,NULL,NULL,NULL,NULL,NULL,NULL,NULL,NULL,NULL,''),
(582,'123736','Sitty Suryani, Amd.Keb',NULL,NULL,NULL,NULL,NULL,NULL,NULL,NULL,NULL,NULL,NULL,NULL,NULL,''),
(583,'123947','Slamet Sahibul,Amd.Kep',NULL,NULL,NULL,NULL,NULL,NULL,NULL,NULL,NULL,NULL,NULL,NULL,NULL,''),
(584,'123572','Slamet Y,Amd. Kep, An',NULL,NULL,NULL,NULL,NULL,NULL,NULL,NULL,NULL,NULL,NULL,NULL,NULL,''),
(585,'123609','Sopi Yanti, Amd. Kep',NULL,NULL,NULL,NULL,NULL,NULL,NULL,NULL,NULL,NULL,NULL,NULL,NULL,''),
(586,'123964','Sri Indah.Amd. Keb',NULL,NULL,NULL,NULL,NULL,NULL,NULL,NULL,NULL,NULL,NULL,NULL,NULL,''),
(587,'123982','Sri Indah.Amd. Kep',NULL,NULL,NULL,NULL,NULL,NULL,NULL,NULL,NULL,NULL,NULL,NULL,NULL,''),
(588,'123875','Sri Maryati,Amd Kep',NULL,NULL,NULL,NULL,NULL,NULL,NULL,NULL,NULL,NULL,NULL,NULL,NULL,''),
(589,'123951','Sri Rahayu, Amd. Kep',NULL,NULL,NULL,NULL,NULL,NULL,NULL,NULL,NULL,NULL,NULL,NULL,NULL,''),
(590,'123867','Sri Rianti',NULL,NULL,NULL,NULL,NULL,NULL,NULL,NULL,NULL,NULL,NULL,NULL,NULL,''),
(591,'123854','Sri Susilawati, Amd. Kep',NULL,NULL,NULL,NULL,NULL,NULL,NULL,NULL,NULL,NULL,NULL,NULL,NULL,''),
(592,'123756','Sri Wahyuni, Amd. Keb',NULL,NULL,NULL,NULL,NULL,NULL,NULL,NULL,NULL,NULL,NULL,NULL,NULL,''),
(593,'123656','Sri Wahyuni, Amd.Kep',NULL,NULL,NULL,NULL,NULL,NULL,NULL,NULL,NULL,NULL,NULL,NULL,NULL,''),
(594,'123518','Sri Yulianti, Amd Kep',NULL,NULL,NULL,NULL,NULL,NULL,NULL,NULL,NULL,NULL,NULL,NULL,NULL,''),
(595,'124062','Suci Ika P, Amd. Kep',NULL,NULL,NULL,NULL,NULL,NULL,NULL,NULL,NULL,NULL,NULL,NULL,NULL,''),
(596,'123710','Suci Novryanti, Amd.Kep',NULL,NULL,NULL,NULL,NULL,NULL,NULL,NULL,NULL,NULL,NULL,NULL,NULL,''),
(597,'124133','Sudarman',NULL,NULL,NULL,NULL,NULL,NULL,NULL,NULL,NULL,NULL,NULL,NULL,NULL,''),
(598,'123678','Sugih Apriyana,Amd.Kep',NULL,NULL,NULL,NULL,NULL,NULL,NULL,NULL,NULL,NULL,NULL,NULL,NULL,''),
(599,'123926','Sukmawijaya',NULL,NULL,NULL,NULL,NULL,NULL,NULL,NULL,NULL,NULL,NULL,NULL,NULL,''),
(600,'123553','Sukmawijaya, Amd. Kep',NULL,NULL,NULL,NULL,NULL,NULL,NULL,NULL,NULL,NULL,NULL,NULL,NULL,''),
(601,'123668','Sunandar, Amd. Kep',NULL,NULL,NULL,NULL,NULL,NULL,NULL,NULL,NULL,NULL,NULL,NULL,NULL,''),
(602,'124131','Supinah',NULL,NULL,NULL,NULL,NULL,NULL,NULL,NULL,NULL,NULL,NULL,NULL,NULL,''),
(603,'124143','Suprianto',NULL,NULL,NULL,NULL,NULL,NULL,NULL,NULL,NULL,NULL,NULL,NULL,NULL,''),
(604,'124102','Suryanan Sudrajkat',NULL,NULL,NULL,NULL,NULL,NULL,NULL,NULL,NULL,NULL,NULL,NULL,NULL,''),
(605,'123769','Susan Nursusana,Amd Kep',NULL,NULL,NULL,NULL,NULL,NULL,NULL,NULL,NULL,NULL,NULL,NULL,NULL,''),
(606,'123993','Susan Silviana, Amd. Keb',NULL,NULL,NULL,NULL,NULL,NULL,NULL,NULL,NULL,NULL,NULL,NULL,NULL,''),
(607,'123969','Syaeful Hadi,S.Kep.Ners',NULL,NULL,NULL,NULL,NULL,NULL,NULL,NULL,NULL,NULL,NULL,NULL,NULL,''),
(608,'123733','Tanti Fauziah H, Amd.Keb',NULL,NULL,NULL,NULL,NULL,NULL,NULL,NULL,NULL,NULL,NULL,NULL,NULL,''),
(609,'123547','Tanti Rahmawati, Amd.Kep',NULL,NULL,NULL,NULL,NULL,NULL,NULL,NULL,NULL,NULL,NULL,NULL,NULL,''),
(610,'123728','Tarida Aditiani, Amd. Kep',NULL,NULL,NULL,NULL,NULL,NULL,NULL,NULL,NULL,NULL,NULL,NULL,NULL,''),
(611,'123944','Tata Aprianto',NULL,NULL,NULL,NULL,NULL,NULL,NULL,NULL,NULL,NULL,NULL,NULL,NULL,''),
(612,'124027','Tati Hariyati, Amd.Keb',NULL,NULL,NULL,NULL,NULL,NULL,NULL,NULL,NULL,NULL,NULL,NULL,NULL,''),
(613,'123613','Tati Nurhayati',NULL,NULL,NULL,NULL,NULL,NULL,NULL,NULL,NULL,NULL,NULL,NULL,NULL,''),
(614,'123491','Taufik Rahayu',NULL,NULL,NULL,NULL,NULL,NULL,NULL,NULL,NULL,NULL,NULL,NULL,NULL,''),
(615,'123913','Taufik, , Amd. Kep',NULL,NULL,NULL,NULL,NULL,NULL,NULL,NULL,NULL,NULL,NULL,NULL,NULL,''),
(616,'123770','Tedy Firmansyah,Amd Kep',NULL,NULL,NULL,NULL,NULL,NULL,NULL,NULL,NULL,NULL,NULL,NULL,NULL,''),
(617,'123577','Teguh Budi Laksana, A. Md. An',NULL,NULL,NULL,NULL,NULL,NULL,NULL,NULL,NULL,NULL,NULL,NULL,NULL,''),
(618,'123550','Teguh Sopyan, Amd.Kep',NULL,NULL,NULL,NULL,NULL,NULL,NULL,NULL,NULL,NULL,NULL,NULL,NULL,''),
(619,'123786','Tendy Rahayu, Amd Kep',NULL,NULL,NULL,NULL,NULL,NULL,NULL,NULL,NULL,NULL,NULL,NULL,NULL,''),
(620,'124081','Tenti Purnamasari, Amd. Kep',NULL,NULL,NULL,NULL,NULL,NULL,NULL,NULL,NULL,NULL,NULL,NULL,NULL,''),
(621,'12345112','TEST DEUI wae',NULL,NULL,NULL,NULL,NULL,NULL,NULL,'','L','','0000-00-00','','','T'),
(622,'109283736','TEST DEUI LAH',NULL,NULL,NULL,NULL,NULL,NULL,NULL,'jl. jalan jalan dimana mana hatiku senang RT 01/02','P','jagoan','1990-05-30','jago.jagoan@mail.com','081234567891','Y'),
(623,'123822','Teti Nurmawati, Amd Kep',NULL,NULL,NULL,NULL,NULL,NULL,NULL,NULL,NULL,NULL,NULL,NULL,NULL,''),
(624,'123776','Tetra Yusmanindar, Amd. Kep',NULL,NULL,NULL,NULL,NULL,NULL,NULL,NULL,NULL,NULL,NULL,NULL,NULL,''),
(625,'123751','Tia  Lestari, A. Md. Kep',NULL,NULL,NULL,NULL,NULL,NULL,NULL,NULL,NULL,NULL,NULL,NULL,NULL,''),
(626,'124059','Tia Novia Indrawati. Amd. Kep',NULL,NULL,NULL,NULL,NULL,NULL,NULL,NULL,NULL,NULL,NULL,NULL,NULL,''),
(627,'123918','Tias Aji Saputra',NULL,NULL,NULL,NULL,NULL,NULL,NULL,NULL,NULL,NULL,NULL,NULL,NULL,''),
(628,'124035','Tika Siti  Kurniati',NULL,NULL,NULL,NULL,NULL,NULL,NULL,NULL,NULL,NULL,NULL,NULL,NULL,''),
(629,'124006','Tina Hartina, A. Md. Keb',NULL,NULL,NULL,NULL,NULL,NULL,NULL,NULL,NULL,NULL,NULL,NULL,NULL,''),
(630,'123537','Tina Irnawati',NULL,NULL,NULL,NULL,NULL,NULL,NULL,NULL,NULL,NULL,NULL,NULL,NULL,''),
(631,'123610','Tina Siti Nurmaulidah, A. Md. Kep',NULL,NULL,NULL,NULL,NULL,NULL,NULL,NULL,NULL,NULL,NULL,NULL,NULL,''),
(632,'124146','Tini Sutini',NULL,NULL,NULL,NULL,NULL,NULL,NULL,NULL,NULL,NULL,NULL,NULL,NULL,''),
(633,'123681','Tita Parlina, Amd. Kep',NULL,NULL,NULL,NULL,NULL,NULL,NULL,NULL,NULL,NULL,NULL,NULL,NULL,''),
(634,'123834','Titih Dewi Hasanah,Amd.Kep',NULL,NULL,NULL,NULL,NULL,NULL,NULL,NULL,NULL,NULL,NULL,NULL,NULL,''),
(635,'123477','Titin Rustini',NULL,NULL,NULL,NULL,NULL,NULL,NULL,NULL,NULL,NULL,NULL,NULL,NULL,''),
(636,'123485','Tresna Adhi L',NULL,NULL,NULL,NULL,NULL,NULL,NULL,NULL,NULL,NULL,NULL,NULL,NULL,''),
(637,'123855','Tria Devi Desiana,Amd.Kep',NULL,NULL,NULL,NULL,NULL,NULL,NULL,NULL,NULL,NULL,NULL,NULL,NULL,''),
(638,'123523','Tuti Herawati',NULL,NULL,NULL,NULL,NULL,NULL,NULL,NULL,NULL,NULL,NULL,NULL,NULL,''),
(639,'123687','Tuti Rohayati, Amd. Kep',NULL,NULL,NULL,NULL,NULL,NULL,NULL,NULL,NULL,NULL,NULL,NULL,NULL,''),
(640,'123529','Ucu Hikmawati, Amd Kep',NULL,NULL,NULL,NULL,NULL,NULL,NULL,NULL,NULL,NULL,NULL,NULL,NULL,''),
(641,'123478','Upik Masripah',NULL,NULL,NULL,NULL,NULL,NULL,NULL,NULL,NULL,NULL,NULL,NULL,NULL,''),
(642,'124038','Usep Saepudin',NULL,NULL,NULL,NULL,NULL,NULL,NULL,NULL,NULL,NULL,NULL,NULL,NULL,''),
(643,'123514','Usman Nurafan, S. Kep. Ners',NULL,NULL,NULL,NULL,NULL,NULL,NULL,NULL,NULL,NULL,NULL,NULL,NULL,''),
(644,'123700','Usman, Amd. Kep',NULL,NULL,NULL,NULL,NULL,NULL,NULL,NULL,NULL,NULL,NULL,NULL,NULL,''),
(645,'124110','Usu Rusmiati',NULL,NULL,NULL,NULL,NULL,NULL,NULL,NULL,NULL,NULL,NULL,NULL,NULL,''),
(646,'123743','Vannya Amanda, Amd. Keb',NULL,NULL,NULL,NULL,NULL,NULL,NULL,NULL,NULL,NULL,NULL,NULL,NULL,''),
(647,'123479','Vera legina',NULL,NULL,NULL,NULL,NULL,NULL,NULL,NULL,NULL,NULL,NULL,NULL,NULL,''),
(648,'124001','Vera Sri  Saptiani. Amd. Keb',NULL,NULL,NULL,NULL,NULL,NULL,NULL,NULL,NULL,NULL,NULL,NULL,NULL,''),
(649,'123841','Verna Ulius, Amd. Kep',NULL,NULL,NULL,NULL,NULL,NULL,NULL,NULL,NULL,NULL,NULL,NULL,NULL,''),
(650,'124126','Vevi Nur',NULL,NULL,NULL,NULL,NULL,NULL,NULL,NULL,NULL,NULL,NULL,NULL,NULL,''),
(651,'123682','Vicky Irawan, Amd. Kep',NULL,NULL,NULL,NULL,NULL,NULL,NULL,NULL,NULL,NULL,NULL,NULL,NULL,''),
(652,'124061','Vikie Chandra Hardiyanti, S.Kep,.Ners',NULL,NULL,NULL,NULL,NULL,NULL,NULL,NULL,NULL,NULL,NULL,NULL,NULL,''),
(653,'123986','Wahyu Purnamasari, Amd.Kep',NULL,NULL,NULL,NULL,NULL,NULL,NULL,NULL,NULL,NULL,NULL,NULL,NULL,''),
(654,'124050','Wandi Irwanto, Amd. Kep',NULL,NULL,NULL,NULL,NULL,NULL,NULL,NULL,NULL,NULL,NULL,NULL,NULL,''),
(655,'123616','Weni W, Amd.Keb',NULL,NULL,NULL,NULL,NULL,NULL,NULL,NULL,NULL,NULL,NULL,NULL,NULL,''),
(656,'123905','Wibowo Hadi,Amd. Kep',NULL,NULL,NULL,NULL,NULL,NULL,NULL,NULL,NULL,NULL,NULL,NULL,NULL,''),
(657,'123611','Widi Nurul Rahayu, Amd. Kep',NULL,NULL,NULL,NULL,NULL,NULL,NULL,NULL,NULL,NULL,NULL,NULL,NULL,''),
(658,'123650','Widiasty Agustin, Amd. Kep',NULL,NULL,NULL,NULL,NULL,NULL,NULL,NULL,NULL,NULL,NULL,NULL,NULL,''),
(659,'124097','Wila Widaningsih',NULL,NULL,NULL,NULL,NULL,NULL,NULL,NULL,NULL,NULL,NULL,NULL,NULL,''),
(660,'123938','Wina Diana',NULL,NULL,NULL,NULL,NULL,NULL,NULL,NULL,NULL,NULL,NULL,NULL,NULL,''),
(661,'123636','Wina Egawati, Amd. Keb',NULL,NULL,NULL,NULL,NULL,NULL,NULL,NULL,NULL,NULL,NULL,NULL,NULL,''),
(662,'124014','Wina Lianawati, Amd. Keb',NULL,NULL,NULL,NULL,NULL,NULL,NULL,NULL,NULL,NULL,NULL,NULL,NULL,''),
(663,'123997','Windy Seftian Rachmat, Amd. Keb',NULL,NULL,NULL,NULL,NULL,NULL,NULL,NULL,NULL,NULL,NULL,NULL,NULL,''),
(664,'123972','Wirdaningsih, Amd. Kep',NULL,NULL,NULL,NULL,NULL,NULL,NULL,NULL,NULL,NULL,NULL,NULL,NULL,''),
(665,'123932','Wita Meriayanti',NULL,NULL,NULL,NULL,NULL,NULL,NULL,NULL,NULL,NULL,NULL,NULL,NULL,''),
(666,'124127','Wiwit Juniar',NULL,NULL,NULL,NULL,NULL,NULL,NULL,NULL,NULL,NULL,NULL,NULL,NULL,''),
(667,'123960','Wulan Ryan, Amd. Kep',NULL,NULL,NULL,NULL,NULL,NULL,NULL,NULL,NULL,NULL,NULL,NULL,NULL,''),
(668,'123934','Yadi Guna Sutia',NULL,NULL,NULL,NULL,NULL,NULL,NULL,NULL,NULL,NULL,NULL,NULL,NULL,''),
(669,'124051','Yadi Priyadi, Amd. Kep',NULL,NULL,NULL,NULL,NULL,NULL,NULL,NULL,NULL,NULL,NULL,NULL,NULL,''),
(670,'123916','Yandi M Arisandi',NULL,NULL,NULL,NULL,NULL,NULL,NULL,NULL,NULL,NULL,NULL,NULL,NULL,''),
(671,'123884','Yani Febriani, Amd. Kep',NULL,NULL,NULL,NULL,NULL,NULL,NULL,NULL,NULL,NULL,NULL,NULL,NULL,''),
(672,'123729','Yanti Purnia, Amd. Keb',NULL,NULL,NULL,NULL,NULL,NULL,NULL,NULL,NULL,NULL,NULL,NULL,NULL,''),
(673,'124137','Yayah',NULL,NULL,NULL,NULL,NULL,NULL,NULL,NULL,NULL,NULL,NULL,NULL,NULL,''),
(674,'123612','Yayuk Kurnia, Amd.Kep',NULL,NULL,NULL,NULL,NULL,NULL,NULL,NULL,NULL,NULL,NULL,NULL,NULL,''),
(675,'123709','Yeni Rahmawati, Amd.Kep',NULL,NULL,NULL,NULL,NULL,NULL,NULL,NULL,NULL,NULL,NULL,NULL,NULL,''),
(676,'124140','Yeyen Nursaidah',NULL,NULL,NULL,NULL,NULL,NULL,NULL,NULL,NULL,NULL,NULL,NULL,NULL,''),
(677,'123942','Yoga Dian komara',NULL,NULL,NULL,NULL,NULL,NULL,NULL,NULL,NULL,NULL,NULL,NULL,NULL,''),
(678,'123899','Yoga Rahmat',NULL,NULL,NULL,NULL,NULL,NULL,NULL,NULL,NULL,NULL,NULL,NULL,NULL,''),
(679,'123579','Yogaswara N, Amd. Kep,An',NULL,NULL,NULL,NULL,NULL,NULL,NULL,NULL,NULL,NULL,NULL,NULL,NULL,''),
(680,'123695','Yudhi Hadi, Amd. Kep',NULL,NULL,NULL,NULL,NULL,NULL,NULL,NULL,NULL,NULL,NULL,NULL,NULL,''),
(681,'123541','Yuli Ria Agustini',NULL,NULL,NULL,NULL,NULL,NULL,NULL,NULL,NULL,NULL,NULL,NULL,NULL,''),
(682,'124120','Yuliastiuti',NULL,NULL,NULL,NULL,NULL,NULL,NULL,NULL,NULL,NULL,NULL,NULL,NULL,''),
(683,'123816','Yuliawati',NULL,NULL,NULL,NULL,NULL,NULL,NULL,NULL,NULL,NULL,NULL,NULL,NULL,''),
(684,'123866','Yulinar',NULL,NULL,NULL,NULL,NULL,NULL,NULL,NULL,NULL,NULL,NULL,NULL,NULL,''),
(685,'123667','Yuni Apriani, Amd. Kep',NULL,NULL,NULL,NULL,NULL,NULL,NULL,NULL,NULL,NULL,NULL,NULL,NULL,''),
(686,'123652','Yunita Ayu, Amd. Keb',NULL,NULL,NULL,NULL,NULL,NULL,NULL,NULL,NULL,NULL,NULL,NULL,NULL,''),
(687,'124040','Yusman Yusuf',NULL,NULL,NULL,NULL,NULL,NULL,NULL,NULL,NULL,NULL,NULL,NULL,NULL,''),
(688,'123798','Yusuf  Arifin, Amd Kep',NULL,NULL,NULL,NULL,NULL,NULL,NULL,NULL,NULL,NULL,NULL,NULL,NULL,''),
(689,'123486','Yusuf Abdul Salam',NULL,NULL,NULL,NULL,NULL,NULL,NULL,NULL,NULL,NULL,NULL,NULL,NULL,''),
(690,'123508','Yuyun Yuningsih,Amd.Keb',NULL,NULL,NULL,NULL,NULL,NULL,NULL,NULL,NULL,NULL,NULL,NULL,NULL,''),
(691,'123984','Yuyun Yuningsih,Amd.Keb',NULL,NULL,NULL,NULL,NULL,NULL,NULL,NULL,NULL,NULL,NULL,NULL,NULL,''),
(692,'123856','Zahidah Nafsih, Amk',NULL,NULL,NULL,NULL,NULL,NULL,NULL,NULL,NULL,NULL,NULL,NULL,NULL,''),
(693,'123570','Zul Wahyu B, Amd. Kep, An',NULL,NULL,NULL,NULL,NULL,NULL,NULL,NULL,NULL,NULL,NULL,NULL,NULL,''),
(694,'12345678212','MALE',NULL,NULL,NULL,NULL,NULL,NULL,NULL,'','L','','0000-00-00','','','Y'),
(696,'1235454313','sari','PK',3,'PKI',3,1,2,1,'','P','','1984-03-02','','085797421354','Y');

/*Table structure for table `mstr_pegawai123` */

DROP TABLE IF EXISTS `mstr_pegawai123`;

CREATE TABLE `mstr_pegawai123` (
  `ID_PEGAWAI` int(11) NOT NULL AUTO_INCREMENT,
  `NIK` varchar(20) DEFAULT NULL,
  `NAMA_PEGAWAI` varchar(50) NOT NULL,
  `ALAMAT` varchar(50) DEFAULT NULL,
  `GENDER` varchar(2) DEFAULT NULL,
  `TEMPAT_LAHIR` varchar(50) DEFAULT NULL,
  `TGL_LAHIR` date DEFAULT NULL,
  `EMAIL` varchar(50) DEFAULT NULL,
  `PHONE` varchar(15) DEFAULT NULL,
  `PHOTO` varchar(255) DEFAULT NULL,
  `AKTIF` varchar(2) DEFAULT NULL,
  PRIMARY KEY (`ID_PEGAWAI`),
  UNIQUE KEY `NIK` (`NIK`)
) ENGINE=InnoDB AUTO_INCREMENT=694 DEFAULT CHARSET=latin1;

/*Data for the table `mstr_pegawai123` */

insert  into `mstr_pegawai123`(`ID_PEGAWAI`,`NIK`,`NAMA_PEGAWAI`,`ALAMAT`,`GENDER`,`TEMPAT_LAHIR`,`TGL_LAHIR`,`EMAIL`,`PHONE`,`PHOTO`,`AKTIF`) values 
(1,'123745','Ade Irma, Amd. Keb',NULL,NULL,NULL,NULL,NULL,NULL,NULL,NULL),
(2,'123555','Agung Adriana, Amd. Kep',NULL,NULL,NULL,NULL,NULL,NULL,NULL,NULL),
(3,'123844','Agung Helly S, S. Kep. Ners',NULL,NULL,NULL,NULL,NULL,NULL,NULL,NULL),
(4,'123584','Agus Jailani, A. Md. Kep',NULL,NULL,NULL,NULL,NULL,NULL,NULL,NULL),
(5,'124076','Agus Taufik Hilman, Amd. Kep',NULL,NULL,NULL,NULL,NULL,NULL,NULL,NULL),
(6,'123456','Agustiaman',NULL,NULL,NULL,NULL,NULL,NULL,NULL,NULL),
(7,'123665','Ahmad Ginanjar, Amd Kep',NULL,NULL,NULL,NULL,NULL,NULL,NULL,NULL),
(8,'123773','Ahmad Reza',NULL,NULL,NULL,NULL,NULL,NULL,NULL,NULL),
(9,'123979','Ahmad Saeful M, Amd. Kep',NULL,NULL,NULL,NULL,NULL,NULL,NULL,NULL),
(10,'124132','Ahmad Sobandi',NULL,NULL,NULL,NULL,NULL,NULL,NULL,NULL),
(11,'123980','Ahmad Suryana, Amd. Kep',NULL,NULL,NULL,NULL,NULL,NULL,NULL,NULL),
(12,'123524','Ai Fatimah',NULL,NULL,NULL,NULL,NULL,NULL,NULL,NULL),
(13,'123500','Ai Hasanah',NULL,NULL,NULL,NULL,NULL,NULL,NULL,NULL),
(14,'124147','Ai Herawati',NULL,NULL,NULL,NULL,NULL,NULL,NULL,NULL),
(15,'123746','Ai Kuraesin, Amd. Keb',NULL,NULL,NULL,NULL,NULL,NULL,NULL,NULL),
(16,'123614','Ai Nurfadilah, Amd. Kep',NULL,NULL,NULL,NULL,NULL,NULL,NULL,NULL),
(17,'123630','Ai Nurhikmah Hasanah, Amd,.Keb',NULL,NULL,NULL,NULL,NULL,NULL,NULL,NULL),
(18,'123722','Ai Nurul F, Amd. Keb',NULL,NULL,NULL,NULL,NULL,NULL,NULL,NULL),
(19,'123873','Ai Solihah',NULL,NULL,NULL,NULL,NULL,NULL,NULL,NULL),
(20,'123754','Ai Sumiati Amd. Keb',NULL,NULL,NULL,NULL,NULL,NULL,NULL,NULL),
(21,'123530','Ai Susi Salsiah,Amd. Kep',NULL,NULL,NULL,NULL,NULL,NULL,NULL,NULL),
(22,'123830','Ai Yulianti, Amd. Kep',NULL,NULL,NULL,NULL,NULL,NULL,NULL,NULL),
(23,'123845','Ajeng Tri Yulianti, Amd. Kep',NULL,NULL,NULL,NULL,NULL,NULL,NULL,NULL),
(24,'124057','Akim Zaenal H , Amd. Kep',NULL,NULL,NULL,NULL,NULL,NULL,NULL,NULL),
(25,'123578','Alwi Abdullah, Amd. Kep',NULL,NULL,NULL,NULL,NULL,NULL,NULL,NULL),
(26,'123806','Alwi Sukmaningsih, Amd. Kep',NULL,NULL,NULL,NULL,NULL,NULL,NULL,NULL),
(27,'123859','Ana Aulia Asti Ratnasari',NULL,NULL,NULL,NULL,NULL,NULL,NULL,NULL),
(28,'124130','Ana Siti Rengkana',NULL,NULL,NULL,NULL,NULL,NULL,NULL,NULL),
(29,'124074','Anatia Agustina, Amd.Kep',NULL,NULL,NULL,NULL,NULL,NULL,NULL,NULL),
(30,'123663','Andi Hendrawan, Amd Kep',NULL,NULL,NULL,NULL,NULL,NULL,NULL,NULL),
(31,'123585','Andri Sobur, Amd.Kep',NULL,NULL,NULL,NULL,NULL,NULL,NULL,NULL),
(32,'124119','Andriza',NULL,NULL,NULL,NULL,NULL,NULL,NULL,NULL),
(33,'124047','Anes Novi',NULL,NULL,NULL,NULL,NULL,NULL,NULL,NULL),
(34,'123576','Aneu Aliyanti L, Amd. Kep ',NULL,NULL,NULL,NULL,NULL,NULL,NULL,NULL),
(35,'123624','Anggi Aprilia K, Amd. Keb',NULL,NULL,NULL,NULL,NULL,NULL,NULL,NULL),
(36,'124138','Ani Nuryani',NULL,NULL,NULL,NULL,NULL,NULL,NULL,NULL),
(37,'123489','Ani Rosidah, Amd.Kep',NULL,NULL,NULL,NULL,NULL,NULL,NULL,NULL),
(38,'123699','Ani Suryani, Amd. Kep',NULL,NULL,NULL,NULL,NULL,NULL,NULL,NULL),
(39,'123586','Ani Sutiarsih, Amd. Kep',NULL,NULL,NULL,NULL,NULL,NULL,NULL,NULL),
(40,'124028','Anisa Rizkiawati',NULL,NULL,NULL,NULL,NULL,NULL,NULL,NULL),
(41,'123490','Anita Puspita',NULL,NULL,NULL,NULL,NULL,NULL,NULL,NULL),
(42,'123954','Anita Rahmayati, A.Md.Kep',NULL,NULL,NULL,NULL,NULL,NULL,NULL,NULL),
(43,'123711','Annisa N. F,Amd.Kep',NULL,NULL,NULL,NULL,NULL,NULL,NULL,NULL),
(44,'123791','Ari Abdullah, Amd. Kep',NULL,NULL,NULL,NULL,NULL,NULL,NULL,NULL),
(45,'123643','Ari Aryani, Amd. Kep',NULL,NULL,NULL,NULL,NULL,NULL,NULL,NULL),
(46,'123587','Aris Munawar, A. Md.Kep',NULL,NULL,NULL,NULL,NULL,NULL,NULL,NULL),
(47,'123588','Aris Periyatna, Amd. Kep',NULL,NULL,NULL,NULL,NULL,NULL,NULL,NULL),
(48,'123589','Armi Fazrin, Amd.Kep',NULL,NULL,NULL,NULL,NULL,NULL,NULL,NULL),
(49,'123974','Arni Suci, Amd. Kep',NULL,NULL,NULL,NULL,NULL,NULL,NULL,NULL),
(50,'123696','Asep Ansori, Amd. Kep',NULL,NULL,NULL,NULL,NULL,NULL,NULL,NULL),
(51,'123914','Asep Deni Rahayu',NULL,NULL,NULL,NULL,NULL,NULL,NULL,NULL),
(52,'124071','Asep Firman, Amd. Kep',NULL,NULL,NULL,NULL,NULL,NULL,NULL,NULL),
(53,'124151','Asep Iskandar ',NULL,NULL,NULL,NULL,NULL,NULL,NULL,NULL),
(54,'123857','Asep Ridwan J, Amd. Kep ',NULL,NULL,NULL,NULL,NULL,NULL,NULL,NULL),
(55,'123590','Asep Royani, Amd.Kep',NULL,NULL,NULL,NULL,NULL,NULL,NULL,NULL),
(56,'123552','Asep Sukardi, Amd. Kep',NULL,NULL,NULL,NULL,NULL,NULL,NULL,NULL),
(57,'123519','Asih Yulianti M,Amd Kep',NULL,NULL,NULL,NULL,NULL,NULL,NULL,NULL),
(58,'123824','Asri Lestari, Amd Kep',NULL,NULL,NULL,NULL,NULL,NULL,NULL,NULL),
(59,'123558','Asti Anisa Rachman, Amd. Keb ',NULL,NULL,NULL,NULL,NULL,NULL,NULL,NULL),
(60,'123872','Asti Ratnasari',NULL,NULL,NULL,NULL,NULL,NULL,NULL,NULL),
(61,'123639','Astri Lestari, Amd. Keb',NULL,NULL,NULL,NULL,NULL,NULL,NULL,NULL),
(62,'124046','Astriani Nuraedah',NULL,NULL,NULL,NULL,NULL,NULL,NULL,NULL),
(63,'123638','Astrid Cristina P, Amd.Keb',NULL,NULL,NULL,NULL,NULL,NULL,NULL,NULL),
(64,'124070','Atep Bagja, Amd.Kep',NULL,NULL,NULL,NULL,NULL,NULL,NULL,NULL),
(65,'123525','Ati Nurhayati',NULL,NULL,NULL,NULL,NULL,NULL,NULL,NULL),
(66,'124144','Ati Triyanti',NULL,NULL,NULL,NULL,NULL,NULL,NULL,NULL),
(67,'124154','AUS SANSUAR',NULL,NULL,NULL,NULL,NULL,NULL,NULL,NULL),
(68,'123534','Ayi Hendrawati,Amd.Kep',NULL,NULL,NULL,NULL,NULL,NULL,NULL,NULL),
(69,'124015','Ayu Yudianti, Amd. Keb',NULL,NULL,NULL,NULL,NULL,NULL,NULL,NULL),
(70,'124109','Bambang Surya',NULL,NULL,NULL,NULL,NULL,NULL,NULL,NULL),
(71,'123691','Bayu Purnama, A.Md.Kep',NULL,NULL,NULL,NULL,NULL,NULL,NULL,NULL),
(72,'123487','Bd. Ema Mariah,Amd.Keb',NULL,NULL,NULL,NULL,NULL,NULL,NULL,NULL),
(73,'123540','Bd. Ema Mariah,Amd.Keb',NULL,NULL,NULL,NULL,NULL,NULL,NULL,NULL),
(74,'123704','Bd. Iin Nurbaeti',NULL,NULL,NULL,NULL,NULL,NULL,NULL,NULL),
(75,'123549','Bd.Yulia Susanti, Amd. Keb',NULL,NULL,NULL,NULL,NULL,NULL,NULL,NULL),
(76,'124060','Benny Mochamad Reza, Amd. Kep',NULL,NULL,NULL,NULL,NULL,NULL,NULL,NULL),
(77,'123779','Billy Suwandila, Amd. Kep',NULL,NULL,NULL,NULL,NULL,NULL,NULL,NULL),
(78,'123880','Bina Mulyana , Amd. Kep',NULL,NULL,NULL,NULL,NULL,NULL,NULL,NULL),
(79,'123904','Bony Aria Dipura,Amd.Kep',NULL,NULL,NULL,NULL,NULL,NULL,NULL,NULL),
(80,'123692','Budi Nugraha, Amd. Kep',NULL,NULL,NULL,NULL,NULL,NULL,NULL,NULL),
(81,'123640','Bunga, A.Md.Keb',NULL,NULL,NULL,NULL,NULL,NULL,NULL,NULL),
(82,'123583','CEK',NULL,NULL,NULL,NULL,NULL,NULL,NULL,NULL),
(83,'123591','Cepi Alvian N, Amd. Kep',NULL,NULL,NULL,NULL,NULL,NULL,NULL,NULL),
(84,'123907','Chepy Nardiana, Amd. Kep',NULL,NULL,NULL,NULL,NULL,NULL,NULL,NULL),
(85,'123799','Chintia Dwi P, Amd. Kep',NULL,NULL,NULL,NULL,NULL,NULL,NULL,NULL),
(86,'123780','Cicinta Wulandari, Amd. Kep',NULL,NULL,NULL,NULL,NULL,NULL,NULL,NULL),
(87,'124009','Cincin, Amd. Keb',NULL,NULL,NULL,NULL,NULL,NULL,NULL,NULL),
(88,'123480','Cucu Suniarti',NULL,NULL,NULL,NULL,NULL,NULL,NULL,NULL),
(89,'124089','Cucu Yuningsih',NULL,NULL,NULL,NULL,NULL,NULL,NULL,NULL),
(90,'124152','Cucum',NULL,NULL,NULL,NULL,NULL,NULL,NULL,NULL),
(91,'123592','D.A. Fasmat E, Amd. Kep',NULL,NULL,NULL,NULL,NULL,NULL,NULL,NULL),
(92,'124103','Dafrianrianti Arbi',NULL,NULL,NULL,NULL,NULL,NULL,NULL,NULL),
(93,'123539','Darlian Nurdin, Amd.Kep',NULL,NULL,NULL,NULL,NULL,NULL,NULL,NULL),
(94,'123593','Dasa Tisna Asyari, Amd. Kep',NULL,NULL,NULL,NULL,NULL,NULL,NULL,NULL),
(95,'123927','Dasep Iskandar',NULL,NULL,NULL,NULL,NULL,NULL,NULL,NULL),
(96,'123908','Dean Alit A, Amd. Kep',NULL,NULL,NULL,NULL,NULL,NULL,NULL,NULL),
(97,'123758','Debi Nurhaida',NULL,NULL,NULL,NULL,NULL,NULL,NULL,NULL),
(98,'124148','Dede',NULL,NULL,NULL,NULL,NULL,NULL,NULL,NULL),
(99,'123688','Dede Hasanah, Amd. Kep',NULL,NULL,NULL,NULL,NULL,NULL,NULL,NULL),
(100,'124082','Dede Mulyadi, Amd. Kep',NULL,NULL,NULL,NULL,NULL,NULL,NULL,NULL),
(101,'123481','Dede Musama',NULL,NULL,NULL,NULL,NULL,NULL,NULL,NULL),
(102,'123594','Dede Nurmansyah, Amd.Kep',NULL,NULL,NULL,NULL,NULL,NULL,NULL,NULL),
(103,'123723','Dede Opnal O, Amd. Keb',NULL,NULL,NULL,NULL,NULL,NULL,NULL,NULL),
(104,'123906','Dede Sri Mulyani,Amd.Kep',NULL,NULL,NULL,NULL,NULL,NULL,NULL,NULL),
(105,'123569','Dede Sugendi, Amd. Kep, An',NULL,NULL,NULL,NULL,NULL,NULL,NULL,NULL),
(106,'124125','Dede Suhendar',NULL,NULL,NULL,NULL,NULL,NULL,NULL,NULL),
(107,'124093','Dedeh komara',NULL,NULL,NULL,NULL,NULL,NULL,NULL,NULL),
(108,'124141','Dedeh Kurniasih',NULL,NULL,NULL,NULL,NULL,NULL,NULL,NULL),
(109,'123629','Dedeh Muslimah, Amd. Keb',NULL,NULL,NULL,NULL,NULL,NULL,NULL,NULL),
(110,'123457','Deden Setia H',NULL,NULL,NULL,NULL,NULL,NULL,NULL,NULL),
(111,'123967','Dedi Ramdani, Amd.Kep',NULL,NULL,NULL,NULL,NULL,NULL,NULL,NULL),
(112,'124034','Dedi Supriadi',NULL,NULL,NULL,NULL,NULL,NULL,NULL,NULL),
(113,'123987','Delfiana Gandini,Amd.Keb',NULL,NULL,NULL,NULL,NULL,NULL,NULL,NULL),
(114,'123565','Deni Suherlan, A.md. Kep',NULL,NULL,NULL,NULL,NULL,NULL,NULL,NULL),
(115,'123898','Deni Triwi',NULL,NULL,NULL,NULL,NULL,NULL,NULL,NULL),
(116,'123705','Denri Yulia P,Amd.Kep',NULL,NULL,NULL,NULL,NULL,NULL,NULL,NULL),
(117,'123635','Dera Devita Aulia T, Amd. Keb',NULL,NULL,NULL,NULL,NULL,NULL,NULL,NULL),
(118,'123917','Deri kurniawan',NULL,NULL,NULL,NULL,NULL,NULL,NULL,NULL),
(119,'123940','Derti Nurdesiantari',NULL,NULL,NULL,NULL,NULL,NULL,NULL,NULL),
(120,'123575','Dessy Dwi L, Amd. Kep',NULL,NULL,NULL,NULL,NULL,NULL,NULL,NULL),
(121,'123946','Destiani Salsiah, Amd. Kep',NULL,NULL,NULL,NULL,NULL,NULL,NULL,NULL),
(122,'124045','Destovia',NULL,NULL,NULL,NULL,NULL,NULL,NULL,NULL),
(123,'124032','Deti Misnawati',NULL,NULL,NULL,NULL,NULL,NULL,NULL,NULL),
(124,'123560','Devit Nasrudin,  AMK',NULL,NULL,NULL,NULL,NULL,NULL,NULL,NULL),
(125,'123774','Dewi Anggraeni,',NULL,NULL,NULL,NULL,NULL,NULL,NULL,NULL),
(126,'123802','Dewi Anzani, Amd. Kep',NULL,NULL,NULL,NULL,NULL,NULL,NULL,NULL),
(127,'123645','Dewi Cahyaningsih, Amd. Kep ',NULL,NULL,NULL,NULL,NULL,NULL,NULL,NULL),
(128,'123760','Dewi Erisandi,Amd Kep',NULL,NULL,NULL,NULL,NULL,NULL,NULL,NULL),
(129,'123882','Dewi Ika, Amd. Kep ',NULL,NULL,NULL,NULL,NULL,NULL,NULL,NULL),
(130,'124136','Dewi Priati',NULL,NULL,NULL,NULL,NULL,NULL,NULL,NULL),
(131,'123458','Dewi Rahmawati',NULL,NULL,NULL,NULL,NULL,NULL,NULL,NULL),
(132,'123765','Dewi Sukmawati,Amd.Kep',NULL,NULL,NULL,NULL,NULL,NULL,NULL,NULL),
(133,'123835','Dewi Sulistiani, Amd. Kep',NULL,NULL,NULL,NULL,NULL,NULL,NULL,NULL),
(134,'124122','Dhea Febri Aquaristy',NULL,NULL,NULL,NULL,NULL,NULL,NULL,NULL),
(135,'123846','Diah Lisnawati,Amd.Kep',NULL,NULL,NULL,NULL,NULL,NULL,NULL,NULL),
(136,'123920','Diah Widianingrum',NULL,NULL,NULL,NULL,NULL,NULL,NULL,NULL),
(137,'124118','Dian Sa\'diah',NULL,NULL,NULL,NULL,NULL,NULL,NULL,NULL),
(138,'123566','Dicky Ramdhani, Amd. Kep',NULL,NULL,NULL,NULL,NULL,NULL,NULL,NULL),
(139,'123482','Didin Bachtiar',NULL,NULL,NULL,NULL,NULL,NULL,NULL,NULL),
(140,'123551','Diki Herdiansyah,Amd.Kep',NULL,NULL,NULL,NULL,NULL,NULL,NULL,NULL),
(141,'123761','Dina Mustika,Amd Kep',NULL,NULL,NULL,NULL,NULL,NULL,NULL,NULL),
(142,'123494','Dini Hediani',NULL,NULL,NULL,NULL,NULL,NULL,NULL,NULL),
(143,'123985','Disania Fatmawati, Amd. Kep',NULL,NULL,NULL,NULL,NULL,NULL,NULL,NULL),
(144,'124065','Dita Hidayanti, Amd. Kep',NULL,NULL,NULL,NULL,NULL,NULL,NULL,NULL),
(145,'124150','Dodi Saprudin',NULL,NULL,NULL,NULL,NULL,NULL,NULL,NULL),
(146,'123877','Dody Iswadi,Amd Kep',NULL,NULL,NULL,NULL,NULL,NULL,NULL,NULL),
(147,'123646','E Feni Siswanty, Amd. Keb ',NULL,NULL,NULL,NULL,NULL,NULL,NULL,NULL),
(148,'123459','Edi Sutanto',NULL,NULL,NULL,NULL,NULL,NULL,NULL,NULL),
(149,'123595','Efa Nurhayati, Amd.Kep',NULL,NULL,NULL,NULL,NULL,NULL,NULL,NULL),
(150,'123703','Efhi Herawati, S..Kep. Ners',NULL,NULL,NULL,NULL,NULL,NULL,NULL,NULL),
(151,'123762','Ega Megawati, Amd Kep',NULL,NULL,NULL,NULL,NULL,NULL,NULL,NULL),
(152,'123810','Egi Ginanjar',NULL,NULL,NULL,NULL,NULL,NULL,NULL,NULL),
(153,'123928','Egi Permana',NULL,NULL,NULL,NULL,NULL,NULL,NULL,NULL),
(154,'123647','Eis Tasmiyatin, Amd. Keb ',NULL,NULL,NULL,NULL,NULL,NULL,NULL,NULL),
(155,'123832','Eka Windari.Amd. Kep',NULL,NULL,NULL,NULL,NULL,NULL,NULL,NULL),
(156,'123808','Ela Erbuanawati',NULL,NULL,NULL,NULL,NULL,NULL,NULL,NULL),
(157,'123949','Elfira Nurislmai, Amd. Kep',NULL,NULL,NULL,NULL,NULL,NULL,NULL,NULL),
(158,'124134','Eli Fatmawati',NULL,NULL,NULL,NULL,NULL,NULL,NULL,NULL),
(159,'124055','Eli Suhaeli, Amd. Kep ',NULL,NULL,NULL,NULL,NULL,NULL,NULL,NULL),
(160,'123943','Eli Yuliawati',NULL,NULL,NULL,NULL,NULL,NULL,NULL,NULL),
(161,'123945','Elif Zaenal M, Amd.Kep',NULL,NULL,NULL,NULL,NULL,NULL,NULL,NULL),
(162,'123782','Elis Holisoh, Amd. Kep',NULL,NULL,NULL,NULL,NULL,NULL,NULL,NULL),
(163,'123644','Elis Yohana, Amd. Kep',NULL,NULL,NULL,NULL,NULL,NULL,NULL,NULL),
(164,'123767','Elna Apriliana, Amd Kep',NULL,NULL,NULL,NULL,NULL,NULL,NULL,NULL),
(165,'123976','Elnisa Irma S, A. Md. Kep',NULL,NULL,NULL,NULL,NULL,NULL,NULL,NULL),
(166,'123888','Ema Maryati',NULL,NULL,NULL,NULL,NULL,NULL,NULL,NULL),
(167,'123923','Ema Nurbayan',NULL,NULL,NULL,NULL,NULL,NULL,NULL,NULL),
(168,'123730','Encep Ahmad J, Amd. Kep',NULL,NULL,NULL,NULL,NULL,NULL,NULL,NULL),
(169,'123792','Encep Muhamad Ridwan, Amd. Kep',NULL,NULL,NULL,NULL,NULL,NULL,NULL,NULL),
(170,'123619','Endang S, Amd.Keb',NULL,NULL,NULL,NULL,NULL,NULL,NULL,NULL),
(171,'123544','Endang Suryadi,Amd. Kep',NULL,NULL,NULL,NULL,NULL,NULL,NULL,NULL),
(172,'123574','Endi Ramdani, Amd. Kep, An',NULL,NULL,NULL,NULL,NULL,NULL,NULL,NULL),
(173,'123507','Endo Purnama, S.Kep, Ners',NULL,NULL,NULL,NULL,NULL,NULL,NULL,NULL),
(174,'123836','Eneng Rulis, Amd. Kep',NULL,NULL,NULL,NULL,NULL,NULL,NULL,NULL),
(175,'124145','Eni Kusrini',NULL,NULL,NULL,NULL,NULL,NULL,NULL,NULL),
(176,'123532','Eni Mansuroh, S.Kep, Ners',NULL,NULL,NULL,NULL,NULL,NULL,NULL,NULL),
(177,'123783','Enung Eti Riswati, Amd. Kep',NULL,NULL,NULL,NULL,NULL,NULL,NULL,NULL),
(178,'123735','Enung Halimah, Amd.Keb',NULL,NULL,NULL,NULL,NULL,NULL,NULL,NULL),
(179,'124039','Erik Gunawan',NULL,NULL,NULL,NULL,NULL,NULL,NULL,NULL),
(180,'123788','Erlin Marliana, Amd.Kep',NULL,NULL,NULL,NULL,NULL,NULL,NULL,NULL),
(181,'123763','Erma Nurmala,Amd.Kep',NULL,NULL,NULL,NULL,NULL,NULL,NULL,NULL),
(182,'123992','Erna Sundari, Amd. Keb',NULL,NULL,NULL,NULL,NULL,NULL,NULL,NULL),
(183,'123664','Erna Yuniarti, Amd Kep',NULL,NULL,NULL,NULL,NULL,NULL,NULL,NULL),
(184,'123512','Erni Maryani, S. Kep. Ners',NULL,NULL,NULL,NULL,NULL,NULL,NULL,NULL),
(185,'123998','Ersa Purnamasai, Amd. Keb',NULL,NULL,NULL,NULL,NULL,NULL,NULL,NULL),
(186,'123557','Erwin Nur B, Amd. Kep ',NULL,NULL,NULL,NULL,NULL,NULL,NULL,NULL),
(187,'124092','Eti Supriati',NULL,NULL,NULL,NULL,NULL,NULL,NULL,NULL),
(188,'123516','Euis Purwati',NULL,NULL,NULL,NULL,NULL,NULL,NULL,NULL),
(189,'123843','Euis Supriati, Amd. Kep',NULL,NULL,NULL,NULL,NULL,NULL,NULL,NULL),
(190,'123596','Eva Erviana, Amd.Kep',NULL,NULL,NULL,NULL,NULL,NULL,NULL,NULL),
(191,'123734','Eva Fatimah, Amd.Kep',NULL,NULL,NULL,NULL,NULL,NULL,NULL,NULL),
(192,'123902','Evawati Sujono, Amd. Kep',NULL,NULL,NULL,NULL,NULL,NULL,NULL,NULL),
(193,'124011','Evi Widi Resmiati, Amd. Kep',NULL,NULL,NULL,NULL,NULL,NULL,NULL,NULL),
(194,'123973','Faisal Tanjung Zainal, A. Md. Kep',NULL,NULL,NULL,NULL,NULL,NULL,NULL,NULL),
(195,'123988','Fanny Sinthia I, Amd. Keb',NULL,NULL,NULL,NULL,NULL,NULL,NULL,NULL),
(196,'124073','Fardan Taufik,Amd.Kep',NULL,NULL,NULL,NULL,NULL,NULL,NULL,NULL),
(197,'123690','Fathonah, Amd. Kep',NULL,NULL,NULL,NULL,NULL,NULL,NULL,NULL),
(198,'123893','Fatwa Arif',NULL,NULL,NULL,NULL,NULL,NULL,NULL,NULL),
(199,'123970','Faurani suryani, S. Kep. Ners',NULL,NULL,NULL,NULL,NULL,NULL,NULL,NULL),
(200,'123561','Fauzi Giffari, A. Md. Kep ',NULL,NULL,NULL,NULL,NULL,NULL,NULL,NULL),
(201,'123748','Febi Febrianti Putri, Amd. Keb',NULL,NULL,NULL,NULL,NULL,NULL,NULL,NULL),
(202,'124112','Febriani Kemala',NULL,NULL,NULL,NULL,NULL,NULL,NULL,NULL),
(203,'123794','Femie Noviarti',NULL,NULL,NULL,NULL,NULL,NULL,NULL,NULL),
(204,'123641','Ferra I, Amd. Kep',NULL,NULL,NULL,NULL,NULL,NULL,NULL,NULL),
(205,'123941','Fery Hidayat',NULL,NULL,NULL,NULL,NULL,NULL,NULL,NULL),
(206,'123649','Fia Desmy Fazriany, Amd. Kep',NULL,NULL,NULL,NULL,NULL,NULL,NULL,NULL),
(207,'123991','Fika Fitriani, Amd. Keb',NULL,NULL,NULL,NULL,NULL,NULL,NULL,NULL),
(208,'124087','Firdaus',NULL,NULL,NULL,NULL,NULL,NULL,NULL,NULL),
(209,'123921','Fitri Yuliawati',NULL,NULL,NULL,NULL,NULL,NULL,NULL,NULL),
(210,'123615','Fitria Haryanti, Amd. Keb',NULL,NULL,NULL,NULL,NULL,NULL,NULL,NULL),
(211,'123924','Fitriah Nuramdani',NULL,NULL,NULL,NULL,NULL,NULL,NULL,NULL),
(212,'123726','Fitriani Fahitah, Amd. Keb',NULL,NULL,NULL,NULL,NULL,NULL,NULL,NULL),
(213,'123511','Fitriani Noor K, Amd.Kep',NULL,NULL,NULL,NULL,NULL,NULL,NULL,NULL),
(214,'124113','Frieda Febrianti Sundari',NULL,NULL,NULL,NULL,NULL,NULL,NULL,NULL),
(215,'123797','Futri Choerunisa,Amd Kep',NULL,NULL,NULL,NULL,NULL,NULL,NULL,NULL),
(216,'124075','Galih Safaat, Amd.Kep',NULL,NULL,NULL,NULL,NULL,NULL,NULL,NULL),
(217,'124042','Ganjar Isnaeni',NULL,NULL,NULL,NULL,NULL,NULL,NULL,NULL),
(218,'123956','Gilang Febri, A.Md.Kep',NULL,NULL,NULL,NULL,NULL,NULL,NULL,NULL),
(219,'123580','Gilang H',NULL,NULL,NULL,NULL,NULL,NULL,NULL,NULL),
(220,'123860','Gina Marlahirna',NULL,NULL,NULL,NULL,NULL,NULL,NULL,NULL),
(221,'123655','Ginanjar',NULL,NULL,NULL,NULL,NULL,NULL,NULL,NULL),
(222,'124100','Gladisa',NULL,NULL,NULL,NULL,NULL,NULL,NULL,NULL),
(223,'123658','Gunawan, Amd.Kep',NULL,NULL,NULL,NULL,NULL,NULL,NULL,NULL),
(224,'123460','H Burhan',NULL,NULL,NULL,NULL,NULL,NULL,NULL,NULL),
(225,'123501','H Dadang Dian E',NULL,NULL,NULL,NULL,NULL,NULL,NULL,NULL),
(226,'124033','H Damayanti',NULL,NULL,NULL,NULL,NULL,NULL,NULL,NULL),
(227,'124085','H Eman Sulaeman ',NULL,NULL,NULL,NULL,NULL,NULL,NULL,NULL),
(228,'123505','H Komarudin',NULL,NULL,NULL,NULL,NULL,NULL,NULL,NULL),
(229,'123461','H Tajudin',NULL,NULL,NULL,NULL,NULL,NULL,NULL,NULL),
(230,'123462','H. Hendra Kurnia',NULL,NULL,NULL,NULL,NULL,NULL,NULL,NULL),
(231,'123513','H. Pian Saori, AMK',NULL,NULL,NULL,NULL,NULL,NULL,NULL,NULL),
(232,'123571','Haidir R, Amd. Kep. An',NULL,NULL,NULL,NULL,NULL,NULL,NULL,NULL),
(233,'123463','Halimatussadiah',NULL,NULL,NULL,NULL,NULL,NULL,NULL,NULL),
(234,'123493','Hamdan Maulana',NULL,NULL,NULL,NULL,NULL,NULL,NULL,NULL),
(235,'123935','Hamzah Arafah',NULL,NULL,NULL,NULL,NULL,NULL,NULL,NULL),
(236,'124114','Hamzah Safari',NULL,NULL,NULL,NULL,NULL,NULL,NULL,NULL),
(237,'123503','Hani Nuraeni, S. Kep. Ners',NULL,NULL,NULL,NULL,NULL,NULL,NULL,NULL),
(238,'124022','Hani W, Amd. Keb',NULL,NULL,NULL,NULL,NULL,NULL,NULL,NULL),
(239,'123662','Hartono, Amd.Kep',NULL,NULL,NULL,NULL,NULL,NULL,NULL,NULL),
(240,'123464','Harun Wahyudi',NULL,NULL,NULL,NULL,NULL,NULL,NULL,NULL),
(241,'123631','Hasni Sri Margayati, Amd. Keb',NULL,NULL,NULL,NULL,NULL,NULL,NULL,NULL),
(242,'123714','Hasti Wulanjari,Amd.Kep',NULL,NULL,NULL,NULL,NULL,NULL,NULL,NULL),
(243,'124099','Hayudin',NULL,NULL,NULL,NULL,NULL,NULL,NULL,NULL),
(244,'123563','Helka Apriadika, A. Md. Kep',NULL,NULL,NULL,NULL,NULL,NULL,NULL,NULL),
(245,'123864','Helmi',NULL,NULL,NULL,NULL,NULL,NULL,NULL,NULL),
(246,'123885','Hendi Zatnika,Amd Kep',NULL,NULL,NULL,NULL,NULL,NULL,NULL,NULL),
(247,'123828','Hendra Agustina, Amd. Kep ',NULL,NULL,NULL,NULL,NULL,NULL,NULL,NULL),
(248,'123510','Hendro Adi Wibowo, Amd. Kep',NULL,NULL,NULL,NULL,NULL,NULL,NULL,NULL),
(249,'123702','Heni Hermawati',NULL,NULL,NULL,NULL,NULL,NULL,NULL,NULL),
(250,'123818','Heni Mulyani',NULL,NULL,NULL,NULL,NULL,NULL,NULL,NULL),
(251,'123496','Herawati',NULL,NULL,NULL,NULL,NULL,NULL,NULL,NULL),
(252,'123661','Herdi Herdiansyah,Amd.Kep',NULL,NULL,NULL,NULL,NULL,NULL,NULL,NULL),
(253,'124088','Herdi Herdiyana',NULL,NULL,NULL,NULL,NULL,NULL,NULL,NULL),
(254,'123837','Heri Hermansyah,Amd.Kep',NULL,NULL,NULL,NULL,NULL,NULL,NULL,NULL),
(255,'123528','Heriyati,Amd Kep',NULL,NULL,NULL,NULL,NULL,NULL,NULL,NULL),
(256,'123502','Herlinawati, S. Kep. Ners',NULL,NULL,NULL,NULL,NULL,NULL,NULL,NULL),
(257,'124067','Herti Oktaviani,Amd.kep',NULL,NULL,NULL,NULL,NULL,NULL,NULL,NULL),
(258,'123597','Hesti Larasati, Amd. Kep',NULL,NULL,NULL,NULL,NULL,NULL,NULL,NULL),
(259,'123895','Heti Nurhayati',NULL,NULL,NULL,NULL,NULL,NULL,NULL,NULL),
(260,'123784','Hevi Ulpia, Amd. Kep',NULL,NULL,NULL,NULL,NULL,NULL,NULL,NULL),
(261,'124142','Hidun',NULL,NULL,NULL,NULL,NULL,NULL,NULL,NULL),
(262,'123777','Hilda Siti Nurhidayah, Amd. Kep',NULL,NULL,NULL,NULL,NULL,NULL,NULL,NULL),
(263,'123901','Hilman Soljhin',NULL,NULL,NULL,NULL,NULL,NULL,NULL,NULL),
(264,'124095','Hj Euis Hendrawati',NULL,NULL,NULL,NULL,NULL,NULL,NULL,NULL),
(265,'123465','Hj Heti Nuraeni',NULL,NULL,NULL,NULL,NULL,NULL,NULL,NULL),
(266,'123466','Hj Tuti Rosmiati',NULL,NULL,NULL,NULL,NULL,NULL,NULL,NULL),
(267,'123820','Hj. Anisa',NULL,NULL,NULL,NULL,NULL,NULL,NULL,NULL),
(268,'123817','Hj. Fitria Yulianti Rahayu',NULL,NULL,NULL,NULL,NULL,NULL,NULL,NULL),
(269,'124086','Hj. Ida Faridah',NULL,NULL,NULL,NULL,NULL,NULL,NULL,NULL),
(270,'123467','Hj. Muji Rahayu',NULL,NULL,NULL,NULL,NULL,NULL,NULL,NULL),
(271,'123468','Hj. Rohani',NULL,NULL,NULL,NULL,NULL,NULL,NULL,NULL),
(272,'124090','Hj. RomZiah',NULL,NULL,NULL,NULL,NULL,NULL,NULL,NULL),
(273,'123469','Hj. Samsiah ',NULL,NULL,NULL,NULL,NULL,NULL,NULL,NULL),
(274,'124084','Hj. Tuti Hastuti',NULL,NULL,NULL,NULL,NULL,NULL,NULL,NULL),
(275,'123952','Ibnu Sina, A.Md.Kep',NULL,NULL,NULL,NULL,NULL,NULL,NULL,NULL),
(276,'123515','Ida Farida, Amd Kep',NULL,NULL,NULL,NULL,NULL,NULL,NULL,NULL),
(277,'123863','Iik Nurhasanah',NULL,NULL,NULL,NULL,NULL,NULL,NULL,NULL),
(278,'123759','Iis Purnama, STr.Keb',NULL,NULL,NULL,NULL,NULL,NULL,NULL,NULL),
(279,'123833','Iis Rustini, AMK',NULL,NULL,NULL,NULL,NULL,NULL,NULL,NULL),
(280,'123617','Iis Sariningsih, Amd. Keb',NULL,NULL,NULL,NULL,NULL,NULL,NULL,NULL),
(281,'123488','Ika Sartika',NULL,NULL,NULL,NULL,NULL,NULL,NULL,NULL),
(282,'124043','Ika Sartika',NULL,NULL,NULL,NULL,NULL,NULL,NULL,NULL),
(283,'123545','Ilham Yanuar, Amd. Kep',NULL,NULL,NULL,NULL,NULL,NULL,NULL,NULL),
(284,'123657','Ilpa N, A.Md. Kep',NULL,NULL,NULL,NULL,NULL,NULL,NULL,NULL),
(285,'123492','Ima Melina',NULL,NULL,NULL,NULL,NULL,NULL,NULL,NULL),
(286,'123937','Imam Ahmad',NULL,NULL,NULL,NULL,NULL,NULL,NULL,NULL),
(287,'123803','Imam Sopyan C, Amd. Kep',NULL,NULL,NULL,NULL,NULL,NULL,NULL,NULL),
(288,'123861','Imas Dahlia',NULL,NULL,NULL,NULL,NULL,NULL,NULL,NULL),
(289,'123686','Imas Maryam, Amd. Kep',NULL,NULL,NULL,NULL,NULL,NULL,NULL,NULL),
(290,'123556','Imasriah, Amd. Kep ',NULL,NULL,NULL,NULL,NULL,NULL,NULL,NULL),
(291,'123838','Ina Ginanjar, Amd. Kep ',NULL,NULL,NULL,NULL,NULL,NULL,NULL,NULL),
(292,'123517','Ina Rismanawati',NULL,NULL,NULL,NULL,NULL,NULL,NULL,NULL),
(293,'123521','Indra Permadi S, Amd.Kep',NULL,NULL,NULL,NULL,NULL,NULL,NULL,NULL),
(294,'123915','Indra Setiawan',NULL,NULL,NULL,NULL,NULL,NULL,NULL,NULL),
(295,'123809','Indra Sobur',NULL,NULL,NULL,NULL,NULL,NULL,NULL,NULL),
(296,'123897','Indriani',NULL,NULL,NULL,NULL,NULL,NULL,NULL,NULL),
(297,'123719','Intan N. S, Amd.Kep',NULL,NULL,NULL,NULL,NULL,NULL,NULL,NULL),
(298,'123989','Intan Nurjanah, Amd. Keb',NULL,NULL,NULL,NULL,NULL,NULL,NULL,NULL),
(299,'123625','Intan Rahayu, Amd. Keb',NULL,NULL,NULL,NULL,NULL,NULL,NULL,NULL),
(300,'123637','Intan Siti Sarah, Amd. Keb',NULL,NULL,NULL,NULL,NULL,NULL,NULL,NULL),
(301,'123674','Iqbal Septiangga, Amd. Kep',NULL,NULL,NULL,NULL,NULL,NULL,NULL,NULL),
(302,'123801','Irfan Prasetyo, Amd. Kep',NULL,NULL,NULL,NULL,NULL,NULL,NULL,NULL),
(303,'123847','Irma Marlianti, Amd.Kep',NULL,NULL,NULL,NULL,NULL,NULL,NULL,NULL),
(304,'123724','Irna  R, Amd. Keb',NULL,NULL,NULL,NULL,NULL,NULL,NULL,NULL),
(305,'123764','Irna Adisti Silvanowaty,Amd.Kep',NULL,NULL,NULL,NULL,NULL,NULL,NULL,NULL),
(306,'123891','Irvan Febrianto',NULL,NULL,NULL,NULL,NULL,NULL,NULL,NULL),
(307,'123933','Isah Nurasifah',NULL,NULL,NULL,NULL,NULL,NULL,NULL,NULL),
(308,'123573','Ismawati, Amd. Kep, An',NULL,NULL,NULL,NULL,NULL,NULL,NULL,NULL),
(309,'123536','Isna Hernawati',NULL,NULL,NULL,NULL,NULL,NULL,NULL,NULL),
(310,'123527','Iswadi Idris, Amd Kep',NULL,NULL,NULL,NULL,NULL,NULL,NULL,NULL),
(311,'123470','Ita Julianti',NULL,NULL,NULL,NULL,NULL,NULL,NULL,NULL),
(312,'123623','Ita Lestari, Amd. Keb',NULL,NULL,NULL,NULL,NULL,NULL,NULL,NULL),
(313,'123627','Ita Tania, Amd. Keb',NULL,NULL,NULL,NULL,NULL,NULL,NULL,NULL),
(314,'123471','Itang Hidayat',NULL,NULL,NULL,NULL,NULL,NULL,NULL,NULL),
(315,'123829','Jeni Aria Gumilar, Amd. Kep ',NULL,NULL,NULL,NULL,NULL,NULL,NULL,NULL),
(316,'123483','Jepi Nugraha',NULL,NULL,NULL,NULL,NULL,NULL,NULL,NULL),
(317,'123900','Jimmy Muhaijir',NULL,NULL,NULL,NULL,NULL,NULL,NULL,NULL),
(318,'123752','Justy G, A.Md.Keb',NULL,NULL,NULL,NULL,NULL,NULL,NULL,NULL),
(319,'123826','Juwandi Rahman, Amd. Kep',NULL,NULL,NULL,NULL,NULL,NULL,NULL,NULL),
(320,'123732','Juwita A. Sibuea,Amd.Keb',NULL,NULL,NULL,NULL,NULL,NULL,NULL,NULL),
(321,'123804','Kamaludin A, Amd. Kep',NULL,NULL,NULL,NULL,NULL,NULL,NULL,NULL),
(322,'124030','Kasih Lestari',NULL,NULL,NULL,NULL,NULL,NULL,NULL,NULL),
(323,'123671','Katmo, AMK',NULL,NULL,NULL,NULL,NULL,NULL,NULL,NULL),
(324,'123825','Kencana Dewi,Amd Kep',NULL,NULL,NULL,NULL,NULL,NULL,NULL,NULL),
(325,'124010','Kiki Daraliana, A.Md.Keb',NULL,NULL,NULL,NULL,NULL,NULL,NULL,NULL),
(326,'124004','Kiki Septiani, Amd. Keb',NULL,NULL,NULL,NULL,NULL,NULL,NULL,NULL),
(327,'123498','Koswandi',NULL,NULL,NULL,NULL,NULL,NULL,NULL,NULL),
(328,'123538','Kurniasih, Amd.Kep',NULL,NULL,NULL,NULL,NULL,NULL,NULL,NULL),
(329,'123472','Kusmayadi',NULL,NULL,NULL,NULL,NULL,NULL,NULL,NULL),
(330,'123858','Lastriani',NULL,NULL,NULL,NULL,NULL,NULL,NULL,NULL),
(331,'123883','Lavia Awaloka, Amd. Kep',NULL,NULL,NULL,NULL,NULL,NULL,NULL,NULL),
(332,'123766','Leni Arifiani, Amd.Kep',NULL,NULL,NULL,NULL,NULL,NULL,NULL,NULL),
(333,'123755','Leni Nurkartikasari Amd. Keb',NULL,NULL,NULL,NULL,NULL,NULL,NULL,NULL),
(334,'123707','Leni Sumarni,Amd.Kep',NULL,NULL,NULL,NULL,NULL,NULL,NULL,NULL),
(335,'123598','Leny T, Amd. Kep',NULL,NULL,NULL,NULL,NULL,NULL,NULL,NULL),
(336,'123653','Lia Apriliani, A.Md. Kep',NULL,NULL,NULL,NULL,NULL,NULL,NULL,NULL),
(337,'124116','Lia Marliana',NULL,NULL,NULL,NULL,NULL,NULL,NULL,NULL),
(338,'123548','Lia Marliani,Amd.Kep',NULL,NULL,NULL,NULL,NULL,NULL,NULL,NULL),
(339,'123874','Lia Marliyanti, Amd Kep',NULL,NULL,NULL,NULL,NULL,NULL,NULL,NULL),
(340,'124149','Lia Mrlia',NULL,NULL,NULL,NULL,NULL,NULL,NULL,NULL),
(341,'124044','Lia Rahmalia',NULL,NULL,NULL,NULL,NULL,NULL,NULL,NULL),
(342,'123848','Lia Susanti, Amd. Kep',NULL,NULL,NULL,NULL,NULL,NULL,NULL,NULL),
(343,'124079','Lili Andriani,Amd.Kep',NULL,NULL,NULL,NULL,NULL,NULL,NULL,NULL),
(344,'123473','Lilis Badriah',NULL,NULL,NULL,NULL,NULL,NULL,NULL,NULL),
(345,'123581','Lilis rohanah',NULL,NULL,NULL,NULL,NULL,NULL,NULL,NULL),
(346,'124049','Lina Sumiarti, Amd. Kep',NULL,NULL,NULL,NULL,NULL,NULL,NULL,NULL),
(347,'123741','Linda Permanasari, Amd. Keb',NULL,NULL,NULL,NULL,NULL,NULL,NULL,NULL),
(348,'123737','Linda Prihatiningsih, Amd.Keb',NULL,NULL,NULL,NULL,NULL,NULL,NULL,NULL),
(349,'124117','Lisna Faridah',NULL,NULL,NULL,NULL,NULL,NULL,NULL,NULL),
(350,'123890','Lisna Lindia',NULL,NULL,NULL,NULL,NULL,NULL,NULL,NULL),
(351,'124002','Liza Muhaimin N, A. Md. Keb',NULL,NULL,NULL,NULL,NULL,NULL,NULL,NULL),
(352,'123554','Lukman Hayat, Amd. Kep',NULL,NULL,NULL,NULL,NULL,NULL,NULL,NULL),
(353,'123849','Lulu Lusyanti, Amd. Kep',NULL,NULL,NULL,NULL,NULL,NULL,NULL,NULL),
(354,'123922','Luluk Widiastuti',NULL,NULL,NULL,NULL,NULL,NULL,NULL,NULL),
(355,'123642','Lusa Ikhwani,Amd.Kep',NULL,NULL,NULL,NULL,NULL,NULL,NULL,NULL),
(356,'123693','Lusi Sri M, A. Md. Kep',NULL,NULL,NULL,NULL,NULL,NULL,NULL,NULL),
(357,'123559','Lutfi Nurzamzam, Amd. Kep',NULL,NULL,NULL,NULL,NULL,NULL,NULL,NULL),
(358,'123971','Luvi Andrian, Amd. Kep',NULL,NULL,NULL,NULL,NULL,NULL,NULL,NULL),
(359,'124153','M ILHAM',NULL,NULL,NULL,NULL,NULL,NULL,NULL,NULL),
(360,'123925','M Iqbal Nugraha',NULL,NULL,NULL,NULL,NULL,NULL,NULL,NULL),
(361,'124037','M Nazar',NULL,NULL,NULL,NULL,NULL,NULL,NULL,NULL),
(362,'124066','M Nurrifkie, S.Kep.Ners',NULL,NULL,NULL,NULL,NULL,NULL,NULL,NULL),
(363,'124036','M Ogie Hamzah',NULL,NULL,NULL,NULL,NULL,NULL,NULL,NULL),
(364,'123936','M Ricky Aditia',NULL,NULL,NULL,NULL,NULL,NULL,NULL,NULL),
(365,'123533','M Ridwan Ginanjar, Amd.Kep',NULL,NULL,NULL,NULL,NULL,NULL,NULL,NULL),
(366,'123879','M. Abdul Aziz, H, Amd. Kep ',NULL,NULL,NULL,NULL,NULL,NULL,NULL,NULL),
(367,'123785','M. Abubakar Sidik, Amd. Kep',NULL,NULL,NULL,NULL,NULL,NULL,NULL,NULL),
(368,'123805','M. Agung  M. Y, Amd. Kep',NULL,NULL,NULL,NULL,NULL,NULL,NULL,NULL),
(369,'123781','M. Anggie Haryono, Amd. Kep',NULL,NULL,NULL,NULL,NULL,NULL,NULL,NULL),
(370,'123599','M. Biqi S. Kep. Ners',NULL,NULL,NULL,NULL,NULL,NULL,NULL,NULL),
(371,'123673','M. Mauludin, Amd. Kep',NULL,NULL,NULL,NULL,NULL,NULL,NULL,NULL),
(372,'123600','M. Ricky Purnomo, S. Kep. Ners',NULL,NULL,NULL,NULL,NULL,NULL,NULL,NULL),
(373,'123684','M.Azhar WA, Amd.Kep',NULL,NULL,NULL,NULL,NULL,NULL,NULL,NULL),
(374,'123881','M.Rizal, A.Md.Kep',NULL,NULL,NULL,NULL,NULL,NULL,NULL,NULL),
(375,'123955','M.Siddiq Mutaqqin, A.Md.Kep',NULL,NULL,NULL,NULL,NULL,NULL,NULL,NULL),
(376,'123474','Maesyaroh',NULL,NULL,NULL,NULL,NULL,NULL,NULL,NULL),
(377,'124105','Mala Hermala',NULL,NULL,NULL,NULL,NULL,NULL,NULL,NULL),
(378,'123912','Maman Komar, Amd. Kep ',NULL,NULL,NULL,NULL,NULL,NULL,NULL,NULL),
(379,'123506','Mamat Rahmat,  S.Kep. Ners',NULL,NULL,NULL,NULL,NULL,NULL,NULL,NULL),
(380,'123738','Maria Dwi Arini,Am.Keb',NULL,NULL,NULL,NULL,NULL,NULL,NULL,NULL),
(381,'123620','Mariani Dwi L, Amd.Keb',NULL,NULL,NULL,NULL,NULL,NULL,NULL,NULL),
(382,'123562','Maulani Apriyani, A. Md. Kep',NULL,NULL,NULL,NULL,NULL,NULL,NULL,NULL),
(383,'124029','Mega ',NULL,NULL,NULL,NULL,NULL,NULL,NULL,NULL),
(384,'123742','Megawangi, Amd. Keb',NULL,NULL,NULL,NULL,NULL,NULL,NULL,NULL),
(385,'123778','Megri Silvia, Amd. Kep',NULL,NULL,NULL,NULL,NULL,NULL,NULL,NULL),
(386,'123961','Meita d, Amd. Kep',NULL,NULL,NULL,NULL,NULL,NULL,NULL,NULL),
(387,'123749','Mela Purnamasari, Amd. Keb',NULL,NULL,NULL,NULL,NULL,NULL,NULL,NULL),
(388,'123886','Melia Pini, Amd. Kep',NULL,NULL,NULL,NULL,NULL,NULL,NULL,NULL),
(389,'123868','Melvi',NULL,NULL,NULL,NULL,NULL,NULL,NULL,NULL),
(390,'123772','Mely Yulianti, Amd.Kep',NULL,NULL,NULL,NULL,NULL,NULL,NULL,NULL),
(391,'123887','Merisye Diniarti, Amd, Kep',NULL,NULL,NULL,NULL,NULL,NULL,NULL,NULL),
(392,'123787','Meta Ryka Mustika, Amd. Kep ',NULL,NULL,NULL,NULL,NULL,NULL,NULL,NULL),
(393,'123811','Meta Sri Mulyani',NULL,NULL,NULL,NULL,NULL,NULL,NULL,NULL),
(394,'123870','Mia Nurmayanti Ai Solihah',NULL,NULL,NULL,NULL,NULL,NULL,NULL,NULL),
(395,'123601','Moch Riki Julian, Amd. Kep',NULL,NULL,NULL,NULL,NULL,NULL,NULL,NULL),
(396,'123959','Moch. Firman, Amd. Kep',NULL,NULL,NULL,NULL,NULL,NULL,NULL,NULL),
(397,'123968','Moch. Ramdan Fauzi, S. Kep. Ners',NULL,NULL,NULL,NULL,NULL,NULL,NULL,NULL),
(398,'123567','Mochamad. Rega D, Amd. Kep',NULL,NULL,NULL,NULL,NULL,NULL,NULL,NULL),
(399,'124072','Mulyana Latief,Amd.Kep',NULL,NULL,NULL,NULL,NULL,NULL,NULL,NULL),
(400,'124091','N Abet Hadiani',NULL,NULL,NULL,NULL,NULL,NULL,NULL,NULL),
(401,'124000','Nada Nazwa Novainda, Amd. Kep',NULL,NULL,NULL,NULL,NULL,NULL,NULL,NULL),
(402,'123775','Nadiatulwahidah',NULL,NULL,NULL,NULL,NULL,NULL,NULL,NULL),
(403,'123522','Nana Diana',NULL,NULL,NULL,NULL,NULL,NULL,NULL,NULL),
(404,'123771','NANANG',NULL,NULL,NULL,NULL,NULL,NULL,NULL,NULL),
(405,'123950','Nanden Dewi Marini, Amd. Kep',NULL,NULL,NULL,NULL,NULL,NULL,NULL,NULL),
(406,'123999','Nani Sri Haryati, Amd.Keb',NULL,NULL,NULL,NULL,NULL,NULL,NULL,NULL),
(407,'123694','Nani Sumiati,Amd.Kep',NULL,NULL,NULL,NULL,NULL,NULL,NULL,NULL),
(408,'123701','Nathifah, Amk',NULL,NULL,NULL,NULL,NULL,NULL,NULL,NULL),
(409,'123878','Nefi Yunita,Amd Kep',NULL,NULL,NULL,NULL,NULL,NULL,NULL,NULL),
(410,'124013','Neli Herleni, A. Md. Keb',NULL,NULL,NULL,NULL,NULL,NULL,NULL,NULL),
(411,'123796','Neneng Herlina,Amd Kep',NULL,NULL,NULL,NULL,NULL,NULL,NULL,NULL),
(412,'123526','Neneng Nuraeni, Amd.Kep',NULL,NULL,NULL,NULL,NULL,NULL,NULL,NULL),
(413,'123677','Neng Erni Ratnawati, Amd. Kep',NULL,NULL,NULL,NULL,NULL,NULL,NULL,NULL),
(414,'124069','Neng Intan,Amd.Kep ',NULL,NULL,NULL,NULL,NULL,NULL,NULL,NULL),
(415,'124007','Neng Nita R, A.Md.Keb',NULL,NULL,NULL,NULL,NULL,NULL,NULL,NULL),
(416,'124121','Neng Ratna Yuliana',NULL,NULL,NULL,NULL,NULL,NULL,NULL,NULL),
(417,'123634','Neng Resty M, Amd.Keb',NULL,NULL,NULL,NULL,NULL,NULL,NULL,NULL),
(418,'123666','Neng Salmah Fauzi, Amd Kep',NULL,NULL,NULL,NULL,NULL,NULL,NULL,NULL),
(419,'123680','Neng Susi Susanti, Amd Kep',NULL,NULL,NULL,NULL,NULL,NULL,NULL,NULL),
(420,'123821','Neng Susi T ,Amd Kep',NULL,NULL,NULL,NULL,NULL,NULL,NULL,NULL),
(421,'124083','Neni Haryani Karmana',NULL,NULL,NULL,NULL,NULL,NULL,NULL,NULL),
(422,'123660','Neni Sri Rahman, Amd. Kep',NULL,NULL,NULL,NULL,NULL,NULL,NULL,NULL),
(423,'123990','Neni Suherni, Amd. Keb',NULL,NULL,NULL,NULL,NULL,NULL,NULL,NULL),
(424,'123689','Nephi Susanti, Amd. Kep',NULL,NULL,NULL,NULL,NULL,NULL,NULL,NULL),
(425,'123740','Netty Fiqriani A, Amd. Keb',NULL,NULL,NULL,NULL,NULL,NULL,NULL,NULL),
(426,'124052','Nevi  Arianti, Amd. Kep',NULL,NULL,NULL,NULL,NULL,NULL,NULL,NULL),
(427,'123850','Nia Andriani, Amd. Kep',NULL,NULL,NULL,NULL,NULL,NULL,NULL,NULL),
(428,'123795','Nia Handayani,Amd Kep',NULL,NULL,NULL,NULL,NULL,NULL,NULL,NULL),
(429,'123582','Nia Kurniasih',NULL,NULL,NULL,NULL,NULL,NULL,NULL,NULL),
(430,'124135','Nia Kurniasih',NULL,NULL,NULL,NULL,NULL,NULL,NULL,NULL),
(431,'123727','Nia Yuliana, Amd. Kep',NULL,NULL,NULL,NULL,NULL,NULL,NULL,NULL),
(432,'124108','Nina Mahdalena',NULL,NULL,NULL,NULL,NULL,NULL,NULL,NULL),
(433,'124068','Nina Nuraisyah,Amd.Kep',NULL,NULL,NULL,NULL,NULL,NULL,NULL,NULL),
(434,'123744','Ninik Nafisah, Amd. Keb',NULL,NULL,NULL,NULL,NULL,NULL,NULL,NULL),
(435,'123995','Nisa Gandasari, Amd. Keb',NULL,NULL,NULL,NULL,NULL,NULL,NULL,NULL),
(436,'123520','Nita Ruspianti, Amd. Kep',NULL,NULL,NULL,NULL,NULL,NULL,NULL,NULL),
(437,'123757','Nitta Arum, Amd. Keb',NULL,NULL,NULL,NULL,NULL,NULL,NULL,NULL),
(438,'123633','Noer Apriani, Amd. Keb',NULL,NULL,NULL,NULL,NULL,NULL,NULL,NULL),
(439,'124054','Noki  Yudistira, Amd. Kep',NULL,NULL,NULL,NULL,NULL,NULL,NULL,NULL),
(440,'123626','Noor Latifah, Amd.Keb',NULL,NULL,NULL,NULL,NULL,NULL,NULL,NULL),
(441,'124098','Novel Ruly Asrulyansyah',NULL,NULL,NULL,NULL,NULL,NULL,NULL,NULL),
(442,'123621','Novi Ari Astuti, Amd. Keb',NULL,NULL,NULL,NULL,NULL,NULL,NULL,NULL),
(443,'123484','Novi Nuraeni',NULL,NULL,NULL,NULL,NULL,NULL,NULL,NULL),
(444,'123823','Novi Solehawati,Amd Kep',NULL,NULL,NULL,NULL,NULL,NULL,NULL,NULL),
(445,'123903','Novia Sri A, Amd.Kep',NULL,NULL,NULL,NULL,NULL,NULL,NULL,NULL),
(446,'123718','Nuligar Savitri, Amd. Kep',NULL,NULL,NULL,NULL,NULL,NULL,NULL,NULL),
(447,'124003','Nunick, Amd. Keb',NULL,NULL,NULL,NULL,NULL,NULL,NULL,NULL),
(448,'124104','Nunung ',NULL,NULL,NULL,NULL,NULL,NULL,NULL,NULL),
(449,'123504','Nunuy Asiah, S. Kep. Ners',NULL,NULL,NULL,NULL,NULL,NULL,NULL,NULL),
(450,'123697','Nuralisa,Amd. Kep',NULL,NULL,NULL,NULL,NULL,NULL,NULL,NULL),
(451,'123813','Nurhajar',NULL,NULL,NULL,NULL,NULL,NULL,NULL,NULL),
(452,'123715','Nurhasanah,Amd.Kep',NULL,NULL,NULL,NULL,NULL,NULL,NULL,NULL),
(453,'123939','Nurtriana Permana',NULL,NULL,NULL,NULL,NULL,NULL,NULL,NULL),
(454,'123632','Nurul Fitriani, A. Md. Keb',NULL,NULL,NULL,NULL,NULL,NULL,NULL,NULL),
(455,'124056','Nurul Iman, Amd. Kep',NULL,NULL,NULL,NULL,NULL,NULL,NULL,NULL),
(456,'123716','Nurul Ulfah R, Amd.Kep',NULL,NULL,NULL,NULL,NULL,NULL,NULL,NULL),
(457,'123531','Nuryenti,Amd. Kep',NULL,NULL,NULL,NULL,NULL,NULL,NULL,NULL),
(458,'123546','Okeu Selviana, Amd. Kep',NULL,NULL,NULL,NULL,NULL,NULL,NULL,NULL),
(459,'124107','Pandu Putra Pamungkas',NULL,NULL,NULL,NULL,NULL,NULL,NULL,NULL),
(460,'124005','Peni Purnama R, A. Md. Keb',NULL,NULL,NULL,NULL,NULL,NULL,NULL,NULL),
(461,'123977','Peri Supriadi, Amd. Kep',NULL,NULL,NULL,NULL,NULL,NULL,NULL,NULL),
(462,'123628','Peronika Pahpakan, Amd.Keb',NULL,NULL,NULL,NULL,NULL,NULL,NULL,NULL),
(463,'124016','Poni lisnawati, Amd. Keb',NULL,NULL,NULL,NULL,NULL,NULL,NULL,NULL),
(464,'123717','Puja Ismayanti, Amd. Kep',NULL,NULL,NULL,NULL,NULL,NULL,NULL,NULL),
(465,'123958','Pujiawati, Amd. Kep',NULL,NULL,NULL,NULL,NULL,NULL,NULL,NULL),
(466,'124106','Puspita',NULL,NULL,NULL,NULL,NULL,NULL,NULL,NULL),
(467,'124024','Putri Meisy, Amd. Keb',NULL,NULL,NULL,NULL,NULL,NULL,NULL,NULL),
(468,'123865','Putri Nurfitriani',NULL,NULL,NULL,NULL,NULL,NULL,NULL,NULL),
(469,'123602','Putu Agung B, Amd.Kep',NULL,NULL,NULL,NULL,NULL,NULL,NULL,NULL),
(470,'123543','R Adi Setiawan ',NULL,NULL,NULL,NULL,NULL,NULL,NULL,NULL),
(471,'123603','R. Fahmi Reza, Amd. Kep',NULL,NULL,NULL,NULL,NULL,NULL,NULL,NULL),
(472,'123996','R. Gita Nadia Putri, Amd. Keb ',NULL,NULL,NULL,NULL,NULL,NULL,NULL,NULL),
(473,'123604','R. M. Irman F, Amd. Kep',NULL,NULL,NULL,NULL,NULL,NULL,NULL,NULL),
(474,'123725','R. Meida  A. A, Amd. Keb',NULL,NULL,NULL,NULL,NULL,NULL,NULL,NULL),
(475,'123966','R.K Eneng Intan, Amk',NULL,NULL,NULL,NULL,NULL,NULL,NULL,NULL),
(476,'123842','Rahdian, Amd. Kep',NULL,NULL,NULL,NULL,NULL,NULL,NULL,NULL),
(477,'123975','Rahman Jaidi, Amd.Kep',NULL,NULL,NULL,NULL,NULL,NULL,NULL,NULL),
(478,'123862','Rahmat Irandi',NULL,NULL,NULL,NULL,NULL,NULL,NULL,NULL),
(479,'123669','Rahmat Purwa Darajat, Amd. Kep',NULL,NULL,NULL,NULL,NULL,NULL,NULL,NULL),
(480,'123475','Ramdan Hambali',NULL,NULL,NULL,NULL,NULL,NULL,NULL,NULL),
(481,'123930','Ramlan Kusyeri',NULL,NULL,NULL,NULL,NULL,NULL,NULL,NULL),
(482,'123931','Randika Firdaus, S.Kep,Ners',NULL,NULL,NULL,NULL,NULL,NULL,NULL,NULL),
(483,'123739','Rani Kusumawati,Amd.Keb',NULL,NULL,NULL,NULL,NULL,NULL,NULL,NULL),
(484,'123815','Rani Nivianti',NULL,NULL,NULL,NULL,NULL,NULL,NULL,NULL),
(485,'123953','Rani Rohmawati, A.Md.Kep',NULL,NULL,NULL,NULL,NULL,NULL,NULL,NULL),
(486,'123706','Ranny Rachmawati,Amd.Kep',NULL,NULL,NULL,NULL,NULL,NULL,NULL,NULL),
(487,'124094','Ratu Halimatusadiah',NULL,NULL,NULL,NULL,NULL,NULL,NULL,NULL),
(488,'124096','Regia  Seventina Situmorang',NULL,NULL,NULL,NULL,NULL,NULL,NULL,NULL),
(489,'124053','Reja Mauludin, Amd. Kep',NULL,NULL,NULL,NULL,NULL,NULL,NULL,NULL),
(490,'123929','Reni Anggraeni',NULL,NULL,NULL,NULL,NULL,NULL,NULL,NULL),
(491,'124026','Reni Hardianti, Amd. Keb',NULL,NULL,NULL,NULL,NULL,NULL,NULL,NULL),
(492,'123869','Renny',NULL,NULL,NULL,NULL,NULL,NULL,NULL,NULL),
(493,'123651','Resha Tusniawati, Amd. Keb',NULL,NULL,NULL,NULL,NULL,NULL,NULL,NULL),
(494,'124077','Resha Yuliani, Amd. Kep',NULL,NULL,NULL,NULL,NULL,NULL,NULL,NULL),
(495,'123909','Resi Susanti D, Amd. Kep',NULL,NULL,NULL,NULL,NULL,NULL,NULL,NULL),
(496,'123839','Resniati Gumilar,Amd.Kep',NULL,NULL,NULL,NULL,NULL,NULL,NULL,NULL),
(497,'123851','Resti Mawaddah,Amd. Kep',NULL,NULL,NULL,NULL,NULL,NULL,NULL,NULL),
(498,'123753','Resti Rustina, Amd. Keb',NULL,NULL,NULL,NULL,NULL,NULL,NULL,NULL),
(499,'123721','Restika Risna P, Amd. Keb',NULL,NULL,NULL,NULL,NULL,NULL,NULL,NULL),
(500,'123894','Restu Faizal',NULL,NULL,NULL,NULL,NULL,NULL,NULL,NULL),
(501,'123840','Revi Oktopiandi, Amd. Kep',NULL,NULL,NULL,NULL,NULL,NULL,NULL,NULL),
(502,'123871','Ria',NULL,NULL,NULL,NULL,NULL,NULL,NULL,NULL),
(503,'123790','Rian Fahlepi, Amd. Kep',NULL,NULL,NULL,NULL,NULL,NULL,NULL,NULL),
(504,'123981','Rian, Amd. Kep',NULL,NULL,NULL,NULL,NULL,NULL,NULL,NULL),
(505,'123983','Riani Ulfah, Amd. Kep',NULL,NULL,NULL,NULL,NULL,NULL,NULL,NULL),
(506,'124021','Rianti M, Amd. Keb',NULL,NULL,NULL,NULL,NULL,NULL,NULL,NULL),
(507,'123812','Richa Andriani',NULL,NULL,NULL,NULL,NULL,NULL,NULL,NULL),
(508,'123509','Richa fustirayani, Amd.Keb',NULL,NULL,NULL,NULL,NULL,NULL,NULL,NULL),
(509,'123793','Ricke Maya, Amd. Kep',NULL,NULL,NULL,NULL,NULL,NULL,NULL,NULL),
(510,'123497','Ricki Yuliana',NULL,NULL,NULL,NULL,NULL,NULL,NULL,NULL),
(511,'123814','Ridrid Nurfarid',NULL,NULL,NULL,NULL,NULL,NULL,NULL,NULL),
(512,'123675','Rifki Arpan, Amd. Kep, S. KM',NULL,NULL,NULL,NULL,NULL,NULL,NULL,NULL),
(513,'123910','Rifki Lukman F, Amd. Kep ',NULL,NULL,NULL,NULL,NULL,NULL,NULL,NULL),
(514,'123994','Rika Nurwulansari, Amd. Kep',NULL,NULL,NULL,NULL,NULL,NULL,NULL,NULL),
(515,'123827','Rika Pratiwi, Amd. Kep',NULL,NULL,NULL,NULL,NULL,NULL,NULL,NULL),
(516,'123605','Rima Pebriani, A. Md. Kep',NULL,NULL,NULL,NULL,NULL,NULL,NULL,NULL),
(517,'123948','Rima Phitriyani,Amd.Kep',NULL,NULL,NULL,NULL,NULL,NULL,NULL,NULL),
(518,'124115','Rima Rubianti',NULL,NULL,NULL,NULL,NULL,NULL,NULL,NULL),
(519,'124080','Rina Aprilia R, Amd. Kep',NULL,NULL,NULL,NULL,NULL,NULL,NULL,NULL),
(520,'123659','Rina Asdianti, Amd.Kep',NULL,NULL,NULL,NULL,NULL,NULL,NULL,NULL),
(521,'123963','Rina Herliani, Amd. Kep',NULL,NULL,NULL,NULL,NULL,NULL,NULL,NULL),
(522,'123957','Rina Marlina,Amd. Kep',NULL,NULL,NULL,NULL,NULL,NULL,NULL,NULL),
(523,'124025','Rina Rahmawaty, Amd.Keb',NULL,NULL,NULL,NULL,NULL,NULL,NULL,NULL),
(524,'123807','Rina, Amd. Kep',NULL,NULL,NULL,NULL,NULL,NULL,NULL,NULL),
(525,'124078','Rindu Ananda, Amd. Kep',NULL,NULL,NULL,NULL,NULL,NULL,NULL,NULL),
(526,'123889','Rinrin Noviarini',NULL,NULL,NULL,NULL,NULL,NULL,NULL,NULL),
(527,'123535','Rinrin Susiltiawati, Amd. Kep',NULL,NULL,NULL,NULL,NULL,NULL,NULL,NULL),
(528,'123789','Risa Desianti E,Amd.Kep',NULL,NULL,NULL,NULL,NULL,NULL,NULL,NULL),
(529,'123606','Risda Iskandar, Amd, Kep',NULL,NULL,NULL,NULL,NULL,NULL,NULL,NULL),
(530,'124064','Risma Apriliani, Amd. Kep',NULL,NULL,NULL,NULL,NULL,NULL,NULL,NULL),
(531,'123683','Risma Julia, Amd. Kep',NULL,NULL,NULL,NULL,NULL,NULL,NULL,NULL),
(532,'123720','Rismayanti, Amd. Kep',NULL,NULL,NULL,NULL,NULL,NULL,NULL,NULL),
(533,'123607','Rizal Maulana, Amd.Kep',NULL,NULL,NULL,NULL,NULL,NULL,NULL,NULL),
(534,'123608','Rizal Rudiansyah, Amd.Kep',NULL,NULL,NULL,NULL,NULL,NULL,NULL,NULL),
(535,'123564','Rizki Nurdiansyah, Amd. Keb',NULL,NULL,NULL,NULL,NULL,NULL,NULL,NULL),
(536,'123698','Roby Firmansyah,Amd.Kep',NULL,NULL,NULL,NULL,NULL,NULL,NULL,NULL),
(537,'123852','Roby Noviansyah, Amd. Kep',NULL,NULL,NULL,NULL,NULL,NULL,NULL,NULL),
(538,'123768','Rochida,Amd Kep',NULL,NULL,NULL,NULL,NULL,NULL,NULL,NULL),
(539,'123853','Rochilah, Amd. Kep',NULL,NULL,NULL,NULL,NULL,NULL,NULL,NULL),
(540,'123978','Roni Arisandi, Amd. Kep',NULL,NULL,NULL,NULL,NULL,NULL,NULL,NULL),
(541,'123892','Rosep Kurnia',NULL,NULL,NULL,NULL,NULL,NULL,NULL,NULL),
(542,'124012','Rosi Rosmiati, Amd.Keb',NULL,NULL,NULL,NULL,NULL,NULL,NULL,NULL),
(543,'123896','Rosmiati',NULL,NULL,NULL,NULL,NULL,NULL,NULL,NULL),
(544,'124031','Rufi Farida',NULL,NULL,NULL,NULL,NULL,NULL,NULL,NULL),
(545,'124063','Rully Sobur, Amd. Kep',NULL,NULL,NULL,NULL,NULL,NULL,NULL,NULL),
(546,'123819','Rusmiati',NULL,NULL,NULL,NULL,NULL,NULL,NULL,NULL),
(547,'123965','Ryan Pratama Putra, Amd. Kep',NULL,NULL,NULL,NULL,NULL,NULL,NULL,NULL),
(548,'123911','Ryzki Rosiawan L,Amd.Kep ',NULL,NULL,NULL,NULL,NULL,NULL,NULL,NULL),
(549,'123542','Saepul Anwar',NULL,NULL,NULL,NULL,NULL,NULL,NULL,NULL),
(550,'123568','Saepul Iman, Amd. Kep.An',NULL,NULL,NULL,NULL,NULL,NULL,NULL,NULL),
(551,'123708','Salti Ambarwati,Amd.Kep',NULL,NULL,NULL,NULL,NULL,NULL,NULL,NULL),
(552,'123800','Samsudin, Amd.Kep',NULL,NULL,NULL,NULL,NULL,NULL,NULL,NULL),
(553,'123672','Sandi Wibawa, Amd. Kep',NULL,NULL,NULL,NULL,NULL,NULL,NULL,NULL),
(554,'124041','Sandra Senta',NULL,NULL,NULL,NULL,NULL,NULL,NULL,NULL),
(555,'124008','Sandra Y, A.Md.Keb',NULL,NULL,NULL,NULL,NULL,NULL,NULL,NULL),
(556,'123648','Santi Nurnopariyanti, Amd . Kep',NULL,NULL,NULL,NULL,NULL,NULL,NULL,NULL),
(557,'123679','Santi Rukmini, Amd Kep',NULL,NULL,NULL,NULL,NULL,NULL,NULL,NULL),
(558,'123712','Santi Sumiati,Amd.Kep',NULL,NULL,NULL,NULL,NULL,NULL,NULL,NULL),
(559,'123495','Santi Susania',NULL,NULL,NULL,NULL,NULL,NULL,NULL,NULL),
(560,'123499','Santi Susilawati Sukma',NULL,NULL,NULL,NULL,NULL,NULL,NULL,NULL),
(561,'124023','Sarah Windari, Amd. Keb',NULL,NULL,NULL,NULL,NULL,NULL,NULL,NULL),
(562,'123876','Selly Agustiani,Amd Kep',NULL,NULL,NULL,NULL,NULL,NULL,NULL,NULL),
(563,'123622','Seni Hazani M, Amd. Keb',NULL,NULL,NULL,NULL,NULL,NULL,NULL,NULL),
(564,'123731','Septia H, Amd. Kep',NULL,NULL,NULL,NULL,NULL,NULL,NULL,NULL),
(565,'124058','Shintia Azizah, Amd. Kep',NULL,NULL,NULL,NULL,NULL,NULL,NULL,NULL),
(566,'123962','Sigit Dwiantoro, Amd. Kep',NULL,NULL,NULL,NULL,NULL,NULL,NULL,NULL),
(567,'123618','Silviah Zumala, Amd.Keb',NULL,NULL,NULL,NULL,NULL,NULL,NULL,NULL),
(568,'123831','Sinta Septiani, Amd. Kep',NULL,NULL,NULL,NULL,NULL,NULL,NULL,NULL),
(569,'123685','Siska Saraswati, A.Md.Kep',NULL,NULL,NULL,NULL,NULL,NULL,NULL,NULL),
(570,'123676','Siswati, Amd Kep',NULL,NULL,NULL,NULL,NULL,NULL,NULL,NULL),
(571,'124018','Siti Aidah, Amd. Keb',NULL,NULL,NULL,NULL,NULL,NULL,NULL,NULL),
(572,'124139','Siti Hajar',NULL,NULL,NULL,NULL,NULL,NULL,NULL,NULL),
(573,'123670','Siti Hermawati, S. Kep. Ners',NULL,NULL,NULL,NULL,NULL,NULL,NULL,NULL),
(574,'123750','Siti Ipih Apiah, Amd. Keb',NULL,NULL,NULL,NULL,NULL,NULL,NULL,NULL),
(575,'123713','Siti Najilah,Amd.Kep',NULL,NULL,NULL,NULL,NULL,NULL,NULL,NULL),
(576,'123476','Siti Neni',NULL,NULL,NULL,NULL,NULL,NULL,NULL,NULL),
(577,'123654','Siti Rohmah, Amd.Kep',NULL,NULL,NULL,NULL,NULL,NULL,NULL,NULL),
(578,'123747','Siti Suci Hoeriah, Amd. Keb',NULL,NULL,NULL,NULL,NULL,NULL,NULL,NULL),
(579,'124020','Siti Wulan, Amd. Keb',NULL,NULL,NULL,NULL,NULL,NULL,NULL,NULL),
(580,'124017','Siti Yayah, A.Md.Keb',NULL,NULL,NULL,NULL,NULL,NULL,NULL,NULL),
(581,'124019','Sitti Ummu K, Amd. Keb',NULL,NULL,NULL,NULL,NULL,NULL,NULL,NULL),
(582,'123736','Sitty Suryani, Amd.Keb',NULL,NULL,NULL,NULL,NULL,NULL,NULL,NULL),
(583,'123947','Slamet Sahibul,Amd.Kep',NULL,NULL,NULL,NULL,NULL,NULL,NULL,NULL),
(584,'123572','Slamet Y,Amd. Kep, An',NULL,NULL,NULL,NULL,NULL,NULL,NULL,NULL),
(585,'123609','Sopi Yanti, Amd. Kep',NULL,NULL,NULL,NULL,NULL,NULL,NULL,NULL),
(586,'123964','Sri Indah.Amd. Keb',NULL,NULL,NULL,NULL,NULL,NULL,NULL,NULL),
(587,'123982','Sri Indah.Amd. Kep',NULL,NULL,NULL,NULL,NULL,NULL,NULL,NULL),
(588,'123875','Sri Maryati,Amd Kep',NULL,NULL,NULL,NULL,NULL,NULL,NULL,NULL),
(589,'123951','Sri Rahayu, Amd. Kep',NULL,NULL,NULL,NULL,NULL,NULL,NULL,NULL),
(590,'123867','Sri Rianti',NULL,NULL,NULL,NULL,NULL,NULL,NULL,NULL),
(591,'123854','Sri Susilawati, Amd. Kep',NULL,NULL,NULL,NULL,NULL,NULL,NULL,NULL),
(592,'123756','Sri Wahyuni, Amd. Keb',NULL,NULL,NULL,NULL,NULL,NULL,NULL,NULL),
(593,'123656','Sri Wahyuni, Amd.Kep',NULL,NULL,NULL,NULL,NULL,NULL,NULL,NULL),
(594,'123518','Sri Yulianti, Amd Kep',NULL,NULL,NULL,NULL,NULL,NULL,NULL,NULL),
(595,'124062','Suci Ika P, Amd. Kep',NULL,NULL,NULL,NULL,NULL,NULL,NULL,NULL),
(596,'123710','Suci Novryanti, Amd.Kep',NULL,NULL,NULL,NULL,NULL,NULL,NULL,NULL),
(597,'124133','Sudarman',NULL,NULL,NULL,NULL,NULL,NULL,NULL,NULL),
(598,'123678','Sugih Apriyana,Amd.Kep',NULL,NULL,NULL,NULL,NULL,NULL,NULL,NULL),
(599,'123926','Sukmawijaya',NULL,NULL,NULL,NULL,NULL,NULL,NULL,NULL),
(600,'123553','Sukmawijaya, Amd. Kep',NULL,NULL,NULL,NULL,NULL,NULL,NULL,NULL),
(601,'123668','Sunandar, Amd. Kep',NULL,NULL,NULL,NULL,NULL,NULL,NULL,NULL),
(602,'124131','Supinah',NULL,NULL,NULL,NULL,NULL,NULL,NULL,NULL),
(603,'124143','Suprianto',NULL,NULL,NULL,NULL,NULL,NULL,NULL,NULL),
(604,'124102','Suryanan Sudrajkat',NULL,NULL,NULL,NULL,NULL,NULL,NULL,NULL),
(605,'123769','Susan Nursusana,Amd Kep',NULL,NULL,NULL,NULL,NULL,NULL,NULL,NULL),
(606,'123993','Susan Silviana, Amd. Keb',NULL,NULL,NULL,NULL,NULL,NULL,NULL,NULL),
(607,'123969','Syaeful Hadi,S.Kep.Ners',NULL,NULL,NULL,NULL,NULL,NULL,NULL,NULL),
(608,'123733','Tanti Fauziah H, Amd.Keb',NULL,NULL,NULL,NULL,NULL,NULL,NULL,NULL),
(609,'123547','Tanti Rahmawati, Amd.Kep',NULL,NULL,NULL,NULL,NULL,NULL,NULL,NULL),
(610,'123728','Tarida Aditiani, Amd. Kep',NULL,NULL,NULL,NULL,NULL,NULL,NULL,NULL),
(611,'123944','Tata Aprianto',NULL,NULL,NULL,NULL,NULL,NULL,NULL,NULL),
(612,'124027','Tati Hariyati, Amd.Keb',NULL,NULL,NULL,NULL,NULL,NULL,NULL,NULL),
(613,'123613','Tati Nurhayati',NULL,NULL,NULL,NULL,NULL,NULL,NULL,NULL),
(614,'123491','Taufik Rahayu',NULL,NULL,NULL,NULL,NULL,NULL,NULL,NULL),
(615,'123913','Taufik, , Amd. Kep',NULL,NULL,NULL,NULL,NULL,NULL,NULL,NULL),
(616,'123770','Tedy Firmansyah,Amd Kep',NULL,NULL,NULL,NULL,NULL,NULL,NULL,NULL),
(617,'123577','Teguh Budi Laksana, A. Md. An',NULL,NULL,NULL,NULL,NULL,NULL,NULL,NULL),
(618,'123550','Teguh Sopyan, Amd.Kep',NULL,NULL,NULL,NULL,NULL,NULL,NULL,NULL),
(619,'123786','Tendy Rahayu, Amd Kep',NULL,NULL,NULL,NULL,NULL,NULL,NULL,NULL),
(620,'124081','Tenti Purnamasari, Amd. Kep',NULL,NULL,NULL,NULL,NULL,NULL,NULL,NULL),
(621,'1234','TEST DEUI',NULL,NULL,NULL,NULL,NULL,NULL,NULL,NULL),
(622,'109283736','TEST DEUI LAH',NULL,NULL,NULL,NULL,NULL,NULL,NULL,NULL),
(623,'123822','Teti Nurmawati, Amd Kep',NULL,NULL,NULL,NULL,NULL,NULL,NULL,NULL),
(624,'123776','Tetra Yusmanindar, Amd. Kep',NULL,NULL,NULL,NULL,NULL,NULL,NULL,NULL),
(625,'123751','Tia  Lestari, A. Md. Kep',NULL,NULL,NULL,NULL,NULL,NULL,NULL,NULL),
(626,'124059','Tia Novia Indrawati. Amd. Kep',NULL,NULL,NULL,NULL,NULL,NULL,NULL,NULL),
(627,'123918','Tias Aji Saputra',NULL,NULL,NULL,NULL,NULL,NULL,NULL,NULL),
(628,'124035','Tika Siti  Kurniati',NULL,NULL,NULL,NULL,NULL,NULL,NULL,NULL),
(629,'124006','Tina Hartina, A. Md. Keb',NULL,NULL,NULL,NULL,NULL,NULL,NULL,NULL),
(630,'123537','Tina Irnawati',NULL,NULL,NULL,NULL,NULL,NULL,NULL,NULL),
(631,'123610','Tina Siti Nurmaulidah, A. Md. Kep',NULL,NULL,NULL,NULL,NULL,NULL,NULL,NULL),
(632,'124146','Tini Sutini',NULL,NULL,NULL,NULL,NULL,NULL,NULL,NULL),
(633,'123681','Tita Parlina, Amd. Kep',NULL,NULL,NULL,NULL,NULL,NULL,NULL,NULL),
(634,'123834','Titih Dewi Hasanah,Amd.Kep',NULL,NULL,NULL,NULL,NULL,NULL,NULL,NULL),
(635,'123477','Titin Rustini',NULL,NULL,NULL,NULL,NULL,NULL,NULL,NULL),
(636,'123485','Tresna Adhi L',NULL,NULL,NULL,NULL,NULL,NULL,NULL,NULL),
(637,'123855','Tria Devi Desiana,Amd.Kep',NULL,NULL,NULL,NULL,NULL,NULL,NULL,NULL),
(638,'123523','Tuti Herawati',NULL,NULL,NULL,NULL,NULL,NULL,NULL,NULL),
(639,'123687','Tuti Rohayati, Amd. Kep',NULL,NULL,NULL,NULL,NULL,NULL,NULL,NULL),
(640,'123529','Ucu Hikmawati, Amd Kep',NULL,NULL,NULL,NULL,NULL,NULL,NULL,NULL),
(641,'123478','Upik Masripah',NULL,NULL,NULL,NULL,NULL,NULL,NULL,NULL),
(642,'124038','Usep Saepudin',NULL,NULL,NULL,NULL,NULL,NULL,NULL,NULL),
(643,'123514','Usman Nurafan, S. Kep. Ners',NULL,NULL,NULL,NULL,NULL,NULL,NULL,NULL),
(644,'123700','Usman, Amd. Kep',NULL,NULL,NULL,NULL,NULL,NULL,NULL,NULL),
(645,'124110','Usu Rusmiati',NULL,NULL,NULL,NULL,NULL,NULL,NULL,NULL),
(646,'123743','Vannya Amanda, Amd. Keb',NULL,NULL,NULL,NULL,NULL,NULL,NULL,NULL),
(647,'123479','Vera legina',NULL,NULL,NULL,NULL,NULL,NULL,NULL,NULL),
(648,'124001','Vera Sri  Saptiani. Amd. Keb',NULL,NULL,NULL,NULL,NULL,NULL,NULL,NULL),
(649,'123841','Verna Ulius, Amd. Kep',NULL,NULL,NULL,NULL,NULL,NULL,NULL,NULL),
(650,'124126','Vevi Nur',NULL,NULL,NULL,NULL,NULL,NULL,NULL,NULL),
(651,'123682','Vicky Irawan, Amd. Kep',NULL,NULL,NULL,NULL,NULL,NULL,NULL,NULL),
(652,'124061','Vikie Chandra Hardiyanti, S.Kep,.Ners',NULL,NULL,NULL,NULL,NULL,NULL,NULL,NULL),
(653,'123986','Wahyu Purnamasari, Amd.Kep',NULL,NULL,NULL,NULL,NULL,NULL,NULL,NULL),
(654,'124050','Wandi Irwanto, Amd. Kep',NULL,NULL,NULL,NULL,NULL,NULL,NULL,NULL),
(655,'123616','Weni W, Amd.Keb',NULL,NULL,NULL,NULL,NULL,NULL,NULL,NULL),
(656,'123905','Wibowo Hadi,Amd. Kep',NULL,NULL,NULL,NULL,NULL,NULL,NULL,NULL),
(657,'123611','Widi Nurul Rahayu, Amd. Kep',NULL,NULL,NULL,NULL,NULL,NULL,NULL,NULL),
(658,'123650','Widiasty Agustin, Amd. Kep',NULL,NULL,NULL,NULL,NULL,NULL,NULL,NULL),
(659,'124097','Wila Widaningsih',NULL,NULL,NULL,NULL,NULL,NULL,NULL,NULL),
(660,'123938','Wina Diana',NULL,NULL,NULL,NULL,NULL,NULL,NULL,NULL),
(661,'123636','Wina Egawati, Amd. Keb',NULL,NULL,NULL,NULL,NULL,NULL,NULL,NULL),
(662,'124014','Wina Lianawati, Amd. Keb',NULL,NULL,NULL,NULL,NULL,NULL,NULL,NULL),
(663,'123997','Windy Seftian Rachmat, Amd. Keb',NULL,NULL,NULL,NULL,NULL,NULL,NULL,NULL),
(664,'123972','Wirdaningsih, Amd. Kep',NULL,NULL,NULL,NULL,NULL,NULL,NULL,NULL),
(665,'123932','Wita Meriayanti',NULL,NULL,NULL,NULL,NULL,NULL,NULL,NULL),
(666,'124127','Wiwit Juniar',NULL,NULL,NULL,NULL,NULL,NULL,NULL,NULL),
(667,'123960','Wulan Ryan, Amd. Kep',NULL,NULL,NULL,NULL,NULL,NULL,NULL,NULL),
(668,'123934','Yadi Guna Sutia',NULL,NULL,NULL,NULL,NULL,NULL,NULL,NULL),
(669,'124051','Yadi Priyadi, Amd. Kep',NULL,NULL,NULL,NULL,NULL,NULL,NULL,NULL),
(670,'123916','Yandi M Arisandi',NULL,NULL,NULL,NULL,NULL,NULL,NULL,NULL),
(671,'123884','Yani Febriani, Amd. Kep',NULL,NULL,NULL,NULL,NULL,NULL,NULL,NULL),
(672,'123729','Yanti Purnia, Amd. Keb',NULL,NULL,NULL,NULL,NULL,NULL,NULL,NULL),
(673,'124137','Yayah',NULL,NULL,NULL,NULL,NULL,NULL,NULL,NULL),
(674,'123612','Yayuk Kurnia, Amd.Kep',NULL,NULL,NULL,NULL,NULL,NULL,NULL,NULL),
(675,'123709','Yeni Rahmawati, Amd.Kep',NULL,NULL,NULL,NULL,NULL,NULL,NULL,NULL),
(676,'124140','Yeyen Nursaidah',NULL,NULL,NULL,NULL,NULL,NULL,NULL,NULL),
(677,'123942','Yoga Dian komara',NULL,NULL,NULL,NULL,NULL,NULL,NULL,NULL),
(678,'123899','Yoga Rahmat',NULL,NULL,NULL,NULL,NULL,NULL,NULL,NULL),
(679,'123579','Yogaswara N, Amd. Kep,An',NULL,NULL,NULL,NULL,NULL,NULL,NULL,NULL),
(680,'123695','Yudhi Hadi, Amd. Kep',NULL,NULL,NULL,NULL,NULL,NULL,NULL,NULL),
(681,'123541','Yuli Ria Agustini',NULL,NULL,NULL,NULL,NULL,NULL,NULL,NULL),
(682,'124120','Yuliastiuti',NULL,NULL,NULL,NULL,NULL,NULL,NULL,NULL),
(683,'123816','Yuliawati',NULL,NULL,NULL,NULL,NULL,NULL,NULL,NULL),
(684,'123866','Yulinar',NULL,NULL,NULL,NULL,NULL,NULL,NULL,NULL),
(685,'123667','Yuni Apriani, Amd. Kep',NULL,NULL,NULL,NULL,NULL,NULL,NULL,NULL),
(686,'123652','Yunita Ayu, Amd. Keb',NULL,NULL,NULL,NULL,NULL,NULL,NULL,NULL),
(687,'124040','Yusman Yusuf',NULL,NULL,NULL,NULL,NULL,NULL,NULL,NULL),
(688,'123798','Yusuf  Arifin, Amd Kep',NULL,NULL,NULL,NULL,NULL,NULL,NULL,NULL),
(689,'123486','Yusuf Abdul Salam',NULL,NULL,NULL,NULL,NULL,NULL,NULL,NULL),
(690,'123508','Yuyun Yuningsih,Amd.Keb',NULL,NULL,NULL,NULL,NULL,NULL,NULL,NULL),
(691,'123984','Yuyun Yuningsih,Amd.Keb',NULL,NULL,NULL,NULL,NULL,NULL,NULL,NULL),
(692,'123856','Zahidah Nafsih, Amk',NULL,NULL,NULL,NULL,NULL,NULL,NULL,NULL),
(693,'123570','Zul Wahyu B, Amd. Kep, An',NULL,NULL,NULL,NULL,NULL,NULL,NULL,NULL);

/*Table structure for table `mstr_risiko_kerja` */

DROP TABLE IF EXISTS `mstr_risiko_kerja`;

CREATE TABLE `mstr_risiko_kerja` (
  `ID_RISIKO` int(11) NOT NULL AUTO_INCREMENT,
  `DESCP_RISIKO` varchar(100) DEFAULT NULL,
  `POINT_RISIKO` decimal(4,2) DEFAULT NULL,
  PRIMARY KEY (`ID_RISIKO`)
) ENGINE=InnoDB AUTO_INCREMENT=7 DEFAULT CHARSET=latin1;

/*Data for the table `mstr_risiko_kerja` */

insert  into `mstr_risiko_kerja`(`ID_RISIKO`,`DESCP_RISIKO`,`POINT_RISIKO`) values 
(1,'Sangat Tinggi',20.00),
(2,'Tinggi',15.00),
(3,'Sedang',7.50),
(4,'Tidak Ada',0.00),
(5,'High Risk',30.00),
(6,'Sub High Risk',27.00);

/*Table structure for table `mstr_ruangan` */

DROP TABLE IF EXISTS `mstr_ruangan`;

CREATE TABLE `mstr_ruangan` (
  `ID_RUANGAN` int(3) NOT NULL AUTO_INCREMENT,
  `DESCP_RUANGAN` varchar(100) DEFAULT NULL,
  PRIMARY KEY (`ID_RUANGAN`)
) ENGINE=InnoDB AUTO_INCREMENT=21 DEFAULT CHARSET=latin1;

/*Data for the table `mstr_ruangan` */

insert  into `mstr_ruangan`(`ID_RUANGAN`,`DESCP_RUANGAN`) values 
(1,'APEL'),
(2,'ANGGUR'),
(3,'SAMOLO 2'),
(5,'FLAMBOYAN 2'),
(6,'SAMOLO 1'),
(7,'SAMOLO 3'),
(8,'FLAMBOYAN 1'),
(9,'FLAMBOYAN 3'),
(10,'KENANGA'),
(11,'MELATI'),
(12,'ARBEN'),
(13,'ANGGREK'),
(14,'ICU'),
(15,'HCU'),
(16,'MARKISSA'),
(17,'AROMANIS 1'),
(18,'AROMANIS 2'),
(19,'DELIMA NIFAS'),
(20,'DELIMA VK');

/*Table structure for table `mstr_user` */

DROP TABLE IF EXISTS `mstr_user`;

CREATE TABLE `mstr_user` (
  `ID_USER` int(5) NOT NULL AUTO_INCREMENT,
  `NIK` varchar(20) DEFAULT NULL,
  `USERNAME` varchar(20) NOT NULL,
  `PASSWORD` varchar(250) NOT NULL,
  `ID_LEVEL` varchar(5) DEFAULT NULL,
  `LAST_LOGIN` date DEFAULT NULL,
  PRIMARY KEY (`ID_USER`),
  UNIQUE KEY `NAMA_USER` (`USERNAME`),
  KEY `NIK` (`NIK`),
  KEY `ID_LEVEL` (`ID_LEVEL`),
  CONSTRAINT `mstr_user_ibfk_1` FOREIGN KEY (`NIK`) REFERENCES `mstr_pegawai123` (`NIK`) ON DELETE CASCADE ON UPDATE CASCADE,
  CONSTRAINT `mstr_user_ibfk_2` FOREIGN KEY (`ID_LEVEL`) REFERENCES `mstr_level` (`ID_LEVEL`) ON DELETE CASCADE ON UPDATE CASCADE
) ENGINE=InnoDB DEFAULT CHARSET=latin1;

/*Data for the table `mstr_user` */

/*Table structure for table `mutasi_pegawai` */

DROP TABLE IF EXISTS `mutasi_pegawai`;

CREATE TABLE `mutasi_pegawai` (
  `ID_MUTASI` varchar(15) NOT NULL,
  `ID_PEGAWAI` int(11) DEFAULT NULL,
  `LEVEL_ASAL` varchar(5) DEFAULT NULL,
  `ID_LEVEL` varchar(5) DEFAULT NULL,
  `RUANGAN_ASAL` int(11) DEFAULT NULL,
  `KARIR_ASAL` varchar(10) DEFAULT NULL,
  `RISIKO_ASAL` int(11) DEFAULT NULL,
  `KET_ASAL` int(11) DEFAULT NULL,
  `INTENSITAS_ASAL` int(11) DEFAULT NULL,
  `ABSENSI_ASAL` int(11) DEFAULT NULL,
  `TGL_MUTASI` date DEFAULT NULL,
  PRIMARY KEY (`ID_MUTASI`)
) ENGINE=InnoDB DEFAULT CHARSET=latin1;

/*Data for the table `mutasi_pegawai` */

insert  into `mutasi_pegawai`(`ID_MUTASI`,`ID_PEGAWAI`,`LEVEL_ASAL`,`ID_LEVEL`,`RUANGAN_ASAL`,`KARIR_ASAL`,`RISIKO_ASAL`,`KET_ASAL`,`INTENSITAS_ASAL`,`ABSENSI_ASAL`,`TGL_MUTASI`) values 
('001/MUT/V/2018',NULL,NULL,NULL,NULL,NULL,NULL,NULL,NULL,NULL,NULL),
('002/MUT/V/2018',NULL,'',NULL,0,'',0,0,0,0,'2018-05-10'),
('003/MUT/V/2018',NULL,'',NULL,0,'',0,0,0,0,'2018-05-10'),
('004/MUT/V/2018',NULL,'',NULL,0,'',0,0,0,0,'2018-05-10'),
('005/MUT/V/2018',NULL,'',NULL,0,'',0,0,0,0,'2018-05-10'),
('006/MUT/V/2018',2,NULL,NULL,0,'',0,0,0,0,'2018-05-10'),
('007/MUT/V/2018',2,NULL,NULL,0,'',0,0,0,0,'2018-05-10'),
('008/MUT/V/2018',2,NULL,NULL,0,'',0,0,0,0,'2018-05-10'),
('009/MUT/V/2018',2,'',NULL,0,'',0,0,0,0,'2018-05-10'),
('010/MUT/V/2018',2,'',NULL,0,'',0,0,0,0,'2018-05-10'),
('011/MUT/V/2018',2,'',NULL,0,'',0,0,0,0,'2018-05-10'),
('012/MUT/V/2018',2,NULL,NULL,0,'',0,0,0,0,'2018-05-10'),
('013/MUT/V/2018',2,NULL,NULL,0,'',0,0,0,0,'2018-05-10'),
('014/MUT/V/2018',2,NULL,NULL,0,'',0,0,0,0,'2018-05-10'),
('015/MUT/V/2018',2,'',NULL,0,'',0,0,0,0,'2018-05-10'),
('016/MUT/V/2018',2,'',NULL,0,'',0,0,0,0,'2018-05-10'),
('017/MUT/V/2018',2,'',NULL,0,'',0,0,0,0,'2018-05-10'),
('018/MUT/V/2018',2,'',NULL,0,'',0,0,0,0,'2018-05-10'),
('019/MUT/V/2018',2,'',NULL,0,'',0,0,0,0,'2018-05-10'),
('020/MUT/V/2018',2,NULL,NULL,0,'',0,0,0,0,'2018-05-10'),
('021/MUT/V/2018',2,NULL,NULL,0,'',0,0,0,0,'2018-05-10'),
('022/MUT/V/2018',2,'',NULL,0,'',0,0,0,0,'2018-05-10'),
('023/MUT/V/2018',2,'',NULL,0,'',0,0,0,0,'2018-05-10'),
('024/MUT/V/2018',2,'',NULL,0,'',0,0,0,0,'2018-05-10'),
('025/MUT/V/2018',2,'',NULL,0,'',0,0,0,0,'2018-05-10'),
('026/MUT/V/2018',2,'','',0,'',0,0,0,0,'2018-05-11'),
('027/MUT/V/2018',2,'','',0,'',0,0,0,0,'2018-05-11'),
('028/MUT/V/2018',2,'','',0,'',0,0,0,0,'2018-05-11'),
('029/MUT/V/2018',2,'','',0,'',0,0,0,0,'2018-05-11'),
('030/MUT/V/2018',2,'','',0,'',0,0,0,0,'2018-05-11'),
('031/MUT/V/2018',2,'','',0,'',0,0,0,0,'2018-05-11'),
('032/MUT/V/2018',2,'','',0,'',0,0,0,0,'2018-05-11'),
('033/MUT/V/2018',2,'','',0,'',0,0,0,0,'2018-05-11'),
('034/MUT/V/2018',2,'','',0,'',0,0,0,0,'2018-05-11'),
('035/MUT/V/2018',2,'','',0,'',0,0,0,0,'2018-05-11'),
('036/MUT/V/2018',2,'','',0,'',0,0,0,0,'2018-05-11'),
('037/MUT/V/2018',2,'','',0,'',0,0,0,0,'2018-05-11'),
('038/MUT/V/2018',2,'','',0,'',0,0,0,0,'2018-05-12'),
('039/MUT/V/2018',2,'','',0,'',0,0,0,0,'2018-05-12'),
('040/MUT/V/2018',2,'','',0,'',0,0,0,0,'2018-05-14');

/*Table structure for table `skor_pegawai` */

DROP TABLE IF EXISTS `skor_pegawai`;

CREATE TABLE `skor_pegawai` (
  `ID_INCOME` varchar(15) DEFAULT NULL,
  `ID_PEGAWAI` int(11) DEFAULT NULL,
  `POINT` double DEFAULT '0',
  `ABSEN` decimal(4,2) DEFAULT '0.00',
  `JML_HADIR` decimal(4,2) DEFAULT '0.00',
  `POINT_AWAL` double DEFAULT '0',
  `POINT_AKHIR` double DEFAULT '0',
  `NOMINAL` double DEFAULT '0'
) ENGINE=InnoDB DEFAULT CHARSET=latin1;

/*Data for the table `skor_pegawai` */

insert  into `skor_pegawai`(`ID_INCOME`,`ID_PEGAWAI`,`POINT`,`ABSEN`,`JML_HADIR`,`POINT_AWAL`,`POINT_AKHIR`,`NOMINAL`) values 
(NULL,1,24.5,0.00,0.00,0,0,0),
(NULL,2,52,0.00,0.00,0,0,0),
(NULL,696,32,0.00,0.00,0,0,0);

/*Table structure for table `xxkehadiran` */

DROP TABLE IF EXISTS `xxkehadiran`;

CREATE TABLE `xxkehadiran` (
  `ID_INCOME` varchar(15) DEFAULT NULL,
  `ID_PEGAWAI` int(11) DEFAULT NULL,
  `ABSEN` decimal(4,2) DEFAULT '0.00',
  `SKOR_ABSEN` decimal(4,2) DEFAULT NULL
) ENGINE=InnoDB DEFAULT CHARSET=latin1;

/*Data for the table `xxkehadiran` */

/*Table structure for table `xxm_pegawai` */

DROP TABLE IF EXISTS `xxm_pegawai`;

CREATE TABLE `xxm_pegawai` (
  `id_pegawai` int(5) NOT NULL AUTO_INCREMENT,
  `nik` varchar(20) NOT NULL,
  `nama_pegawai` varchar(50) NOT NULL,
  `tempat_lahir` varchar(50) DEFAULT NULL,
  `tgl_lahir` date DEFAULT NULL,
  `alamat` varchar(50) DEFAULT NULL,
  `telepon` varchar(15) DEFAULT NULL,
  `e-mail` varchar(50) DEFAULT NULL,
  `photo` varchar(150) DEFAULT NULL,
  PRIMARY KEY (`id_pegawai`)
) ENGINE=InnoDB AUTO_INCREMENT=2 DEFAULT CHARSET=latin1;

/*Data for the table `xxm_pegawai` */

insert  into `xxm_pegawai`(`id_pegawai`,`nik`,`nama_pegawai`,`tempat_lahir`,`tgl_lahir`,`alamat`,`telepon`,`e-mail`,`photo`) values 
(1,'admin','Administrator','Cianjur','2000-04-03','Maleber',NULL,NULL,NULL);

/*Table structure for table `xxm_users` */

DROP TABLE IF EXISTS `xxm_users`;

CREATE TABLE `xxm_users` (
  `id_user` int(150) NOT NULL AUTO_INCREMENT,
  `username` varchar(20) NOT NULL,
  `password` varchar(150) NOT NULL,
  `created_at` datetime NOT NULL,
  `updated_at` datetime NOT NULL,
  PRIMARY KEY (`id_user`)
) ENGINE=InnoDB AUTO_INCREMENT=2 DEFAULT CHARSET=latin1;

/*Data for the table `xxm_users` */

insert  into `xxm_users`(`id_user`,`username`,`password`,`created_at`,`updated_at`) values 
(1,'admin','e10adc3949ba59abbe56e057f20f883e','2017-02-21 04:14:16','2017-03-06 13:42:37');

/*Table structure for table `xxmstr_pegawai_det` */

DROP TABLE IF EXISTS `xxmstr_pegawai_det`;

CREATE TABLE `xxmstr_pegawai_det` (
  `ID_PEGAWAI` int(11) NOT NULL,
  `ALAMAT` varchar(50) DEFAULT NULL,
  `GENDER` varchar(2) DEFAULT NULL,
  `TEMPAT_LAHIR` varchar(50) DEFAULT NULL,
  `TGL_LAHIR` date DEFAULT NULL,
  `EMAIL` varchar(50) DEFAULT NULL,
  `PHONE` varchar(15) DEFAULT NULL,
  `PHOTO` varchar(255) DEFAULT NULL,
  KEY `ID_PEGAWAI` (`ID_PEGAWAI`),
  CONSTRAINT `xxmstr_pegawai_det_ibfk_1` FOREIGN KEY (`ID_PEGAWAI`) REFERENCES `mstr_pegawai` (`ID_PEGAWAI`) ON DELETE CASCADE ON UPDATE CASCADE
) ENGINE=InnoDB DEFAULT CHARSET=latin1;

/*Data for the table `xxmstr_pegawai_det` */

insert  into `xxmstr_pegawai_det`(`ID_PEGAWAI`,`ALAMAT`,`GENDER`,`TEMPAT_LAHIR`,`TGL_LAHIR`,`EMAIL`,`PHONE`,`PHOTO`) values 
(1,'dimana aja boleh','P',NULL,'1995-01-01',NULL,NULL,NULL);

/*Table structure for table `xxskor_akhir` */

DROP TABLE IF EXISTS `xxskor_akhir`;

CREATE TABLE `xxskor_akhir` (
  `ID_INCOME` varchar(15) DEFAULT NULL,
  `ID_PEGAWAI` int(11) DEFAULT NULL,
  `TOT_POINT_AWAL` decimal(8,2) DEFAULT NULL,
  `SKOR_AKHIR` decimal(8,2) DEFAULT NULL
) ENGINE=InnoDB DEFAULT CHARSET=latin1;

/*Data for the table `xxskor_akhir` */

/*Table structure for table `xxtbl_session` */

DROP TABLE IF EXISTS `xxtbl_session`;

CREATE TABLE `xxtbl_session` (
  `id` varchar(40) NOT NULL,
  `ip_address` varchar(45) NOT NULL,
  `timestamp` int(10) NOT NULL,
  `data` blob NOT NULL
) ENGINE=InnoDB DEFAULT CHARSET=latin1;

/*Data for the table `xxtbl_session` */

insert  into `xxtbl_session`(`id`,`ip_address`,`timestamp`,`data`) values 
('gefurdfdju2ehd6affn33bfpik2ghi6m','::1',1490264823,'__ci_last_regenerate|i:1490264523;'),
('1uhu8o84r5l09m37lqcf7nhv60dsp1i9','::1',1490265106,'__ci_last_regenerate|i:1490264844;'),
('h5u77uboocsch6qr23f688u0qpdapaa6','::1',1490265614,'__ci_last_regenerate|i:1490265316;'),
('veilv4cj9qmh1c4cnvb29sj9odelbj50','::1',1490265704,'__ci_last_regenerate|i:1490265675;'),
('dta3l96pvd3imcjpn1hjlv8hd126lgl8','::1',1490266261,'__ci_last_regenerate|i:1490266003;'),
('32ni9gj29p0r9hjblou697fmoqmfdng6','::1',1490266426,'__ci_last_regenerate|i:1490266322;'),
('a5csn99bcoium048ou79vka6e24laa0d','::1',1490269510,'__ci_last_regenerate|i:1490269260;'),
('ingpl5tr0u48e6fsdqutv1p528728par','::1',1490269849,'__ci_last_regenerate|i:1490269562;member_id|s:1:\"1\";member_email|s:24:\"ridaulmaulayya@gmail.com\";member_nama|s:20:\"Fika Ridaul Maulayya\";member_foto|s:0:\"\";'),
('sknukc81snsc66lamlh8ff5f7kpvnvv8','::1',1490269939,'__ci_last_regenerate|i:1490269936;'),
('nreg2suovvog951r5gcfap1fa3gt4hel','::1',1490272013,'__ci_last_regenerate|i:1490271748;'),
('3k0cetsjokj5mc6hf98e6d753ttt8025','::1',1490272138,'__ci_last_regenerate|i:1490272113;'),
('5e1fgd6uepa3v2tocivde61e012n5fcu','::1',1490272627,'__ci_last_regenerate|i:1490272480;member_id|s:1:\"1\";member_email|s:24:\"ridaulmaulayya@gmail.com\";member_nama|s:20:\"Fika Ridaul Maulayya\";member_foto|s:0:\"\";'),
('oq77qvcd3uakerhgfsjjatqod3k4bd74','::1',1490273031,'__ci_last_regenerate|i:1490272947;ses_kcfinder|a:2:{s:8:\"disabled\";b:0;s:9:\"uploadURL\";s:20:\"../../content_upload\";}apps_id|s:1:\"1\";apps_username|s:13:\"maulayyacyber\";apps_nama|s:20:\"Fika Ridaul Maulayya\";apps_email|s:24:\"ridaulmaulayya@gmail.com\";apps_foto|s:36:\"4e8fb29ae76a2c83a6568e88fd4ae75e.jpg\";'),
('8ka47umh9ktnbtj5cvb4un85l14givra','::1',1490273491,'__ci_last_regenerate|i:1490273356;ses_kcfinder|a:2:{s:8:\"disabled\";b:0;s:9:\"uploadURL\";s:20:\"../../content_upload\";}apps_id|s:1:\"1\";apps_username|s:13:\"maulayyacyber\";apps_nama|s:20:\"Fika Ridaul Maulayya\";apps_email|s:24:\"ridaulmaulayya@gmail.com\";apps_foto|s:36:\"4e8fb29ae76a2c83a6568e88fd4ae75e.jpg\";'),
('iutgf4rkgmvrd0tbofe3auuo0p9uv7qb','::1',1490275876,'__ci_last_regenerate|i:1490275588;'),
('vdrkqa3ub5k636bs3h5j7geio56o9ikd','::1',1490276218,'__ci_last_regenerate|i:1490276007;'),
('uqfd90j7ophutg8mb4244gt1r6gd4984','::1',1490276628,'__ci_last_regenerate|i:1490276378;'),
('ehqbq4inp98889l9t8ttoq01hfqthcgb','::1',1490276918,'__ci_last_regenerate|i:1490276692;'),
('jaea6g84213pcvcnvie6vm6gcdridfom','::1',1490277229,'__ci_last_regenerate|i:1490277022;'),
('lie4s52c824vrdn7kr9vvlq5efsl9sqn','::1',1490277667,'__ci_last_regenerate|i:1490277636;'),
('nilk0t6t0oqvvjrj0pa7od3tvcns6v2b','::1',1490278499,'__ci_last_regenerate|i:1490278222;'),
('d0e86pjd05tqah4um69724v9d2imd8ov','::1',1490279235,'__ci_last_regenerate|i:1490278952;'),
('bralkqcmbbi0vjleck6gunjulcql54cb','::1',1490279319,'__ci_last_regenerate|i:1490279296;ses_kcfinder|a:2:{s:8:\"disabled\";b:0;s:9:\"uploadURL\";s:20:\"../../content_upload\";}apps_id|s:1:\"1\";apps_username|s:13:\"maulayyacyber\";apps_nama|s:20:\"Fika Ridaul Maulayya\";apps_email|s:24:\"ridaulmaulayya@gmail.com\";apps_foto|s:36:\"4e8fb29ae76a2c83a6568e88fd4ae75e.jpg\";'),
('0qetfoonaf0nhcmktkn1uaeatb0lanee','::1',1490280800,'__ci_last_regenerate|i:1490280685;'),
('92qlr9nd7ikhs1a11ajmva8l6v75skd5','::1',1490326037,''),
('utg2b9qqrqlooq5hufpccg54n2g7b531','::1',1490326979,''),
('tmkd24udqgns9a1n9p741qip0u3fg8j8','::1',1490328599,''),
('mmegs48dgic4pgpqm0fe4re4fb1rdpaf','::1',1490337070,''),
('o7sfcuj7guk9olv5ehhals55t6fa9vcl','::1',1490339909,'__ci_last_regenerate|i:1490339870;ses_kcfinder|a:2:{s:8:\"disabled\";b:0;s:9:\"uploadURL\";s:20:\"../../content_upload\";}apps_id|s:1:\"1\";apps_username|s:13:\"maulayyacyber\";apps_nama|s:20:\"Fika Ridaul Maulayya\";apps_email|s:24:\"ridaulmaulayya@gmail.com\";apps_foto|s:36:\"4e8fb29ae76a2c83a6568e88fd4ae75e.jpg\";notif|s:245:\"<div class=\"alert alert-success alert-dismissible\" style=\"font-family:Roboto\">\n			                                                    <i class=\"fa fa-check\"></i> Status Berhasil Diupdate.\n			                                                </div>\";__ci_vars|a:1:{s:5:\"notif\";s:3:\"old\";}'),
('5199ib9mqu9gom878h8q6kea5ofo20ii','::1',1490340444,'__ci_last_regenerate|i:1490340444;'),
('n37r0a0j2gom8hgmqbkthls9qatkfu34','::1',1490365896,''),
('2sdhctl79in3a3j6sj1kcjg8jqg9v5uv','::1',1490366956,''),
('0vm2d2i2r7oro586khhclrrlef1go523','::1',1490375280,''),
('o796gn1007b78tr4di63pn7lku6g31l1','::1',1490411694,''),
('sgf71fnt8gme6f8basp8600fppq7qdrd','::1',1490412433,''),
('v1s2umltdkrv8rhrpg3cl6o18dc16a1f','::1',1490414373,''),
('6e1iaejmiu650rndhm35p7e3lrlh0jjc','::1',1490418378,''),
('clq1csoj3kge5pm9869s19abgdel78ta','::1',1490476011,''),
('b3g7pajr1gh2rtfj7cef0660kh86h9a4','::1',1490524043,''),
('vk3q6ugi2sb027t33kuuchojsulbqmr6','::1',1490526456,''),
('pgnqjbqvjaq97edbbhv5ovpmt1vgm2n6','::1',1490528486,''),
('ot7q6fsddhe22fkn46kfac60i4920vf5','::1',1490529410,''),
('h1ff1mo762phckvg29th9102f881isfh','::1',1490530657,''),
('658jdf6l3livqqsnbl829o6h9t0fjd4f','::1',1490533564,''),
('h7p8pndqsuissjs1r02qe8f8hqs3075g','::1',1490537704,''),
('kft4ua3nrqkdn6j7d2v899iemuneojo6','::1',1490539026,''),
('2eem4a0r03q33ceio7tirgkh9chh627i','::1',1490584772,''),
('fl342ln1ps1j49alddifj3fkb1h05muj','::1',1490585150,''),
('u2tpje2dl1qa0rmde94rihiju69j50pe','::1',1490585515,''),
('hn955dvoumj6lb6omcaajqgcmja0fq68','::1',1490586467,''),
('rnfnn0rulstcchfrusv262fnr1q896aa','::1',1490586730,''),
('717tgk7ne4747tbgh3ilefip44r4osgf','::1',1490591861,''),
('hbeb0n62hu0042f5j1j0fpd595suo34v','::1',1490606103,''),
('ngevnng8ejqn341j4m82oft8jvqu0bv2','::1',1490608218,''),
('1hrvd7dlto9nukj725o65k2fm0j2ba6s','::1',1490613437,''),
('465edsb0bllu0v55i5rtr4kj9vogpcoj','::1',1490614609,''),
('vhts2k24ierkumcqd2pcmrl319efj61r','::1',1490616679,''),
('rpvkp70oen2nmlmti90r59vjhq9rqfd5','::1',1490618506,''),
('s911b4djrev66euh85t75kih8lje0ma5','::1',1490620442,''),
('6d0momnsm4tdvv768j6tc2fpq5ho3lqe','::1',1490622470,''),
('l8m660t68953ual0524o2nipnpl8luit','::1',1490669678,''),
('ush3hea355ajl17hs0uc4ggbbbsfg84e','::1',1490700771,''),
('h99d04fa8i2bqi4p5g1idkpbsl346tdv','::1',1490747190,''),
('o5t2sc9dd6ft8h3j92a7bb1rbk83tv2s','::1',1490748363,''),
('j3lpvger0ngstqqsg0kv0qrdlpefvqq8','::1',1490749136,''),
('8sr044tfsr30p6ftm54bocalg22hilhu','::1',1490749485,''),
('99qjbhpcsfmv2mm965r2kmtuc7qcg65v','::1',1490752576,''),
('ulo8corkdtue8m1n2dof2ej13a5u10fh','::1',1490753391,''),
('7tf59feout06f0jr1bndomk2skhlvbsl','::1',1490754515,''),
('fig7i5uhkscl1c68sb7dpm9vqmp93da3','::1',1490757274,''),
('lfk5apq17v7apfa945fmhvlsp4vjurrj','::1',1490780228,'__ci_last_regenerate|i:1490780212;ses_kcfinder|a:2:{s:8:\"disabled\";b:0;s:9:\"uploadURL\";s:20:\"../../content_upload\";}apps_id|s:1:\"1\";apps_username|s:13:\"maulayyacyber\";apps_nama|s:20:\"Fika Ridaul Maulayya\";apps_email|s:24:\"ridaulmaulayya@gmail.com\";apps_foto|s:36:\"4e8fb29ae76a2c83a6568e88fd4ae75e.jpg\";'),
('itvi8g1oveu8nm303i2m2frm1vcmmb9h','::1',1490780542,'__ci_last_regenerate|i:1490780538;ses_kcfinder|a:2:{s:8:\"disabled\";b:0;s:9:\"uploadURL\";s:20:\"../../content_upload\";}apps_id|s:1:\"1\";apps_username|s:13:\"maulayyacyber\";apps_nama|s:20:\"Fika Ridaul Maulayya\";apps_email|s:24:\"ridaulmaulayya@gmail.com\";apps_foto|s:36:\"4e8fb29ae76a2c83a6568e88fd4ae75e.jpg\";'),
('pmnsej993rl0edjvtuf9k8qjs0qp1vfq','::1',1490781153,'__ci_last_regenerate|i:1490780909;ses_kcfinder|a:2:{s:8:\"disabled\";b:0;s:9:\"uploadURL\";s:20:\"../../content_upload\";}apps_id|s:1:\"1\";apps_username|s:13:\"maulayyacyber\";apps_nama|s:20:\"Fika Ridaul Maulayya\";apps_email|s:24:\"ridaulmaulayya@gmail.com\";apps_foto|s:36:\"4e8fb29ae76a2c83a6568e88fd4ae75e.jpg\";'),
('afkb228emfl0aijuo4jd1k8i2kc8guut','::1',1490781474,'__ci_last_regenerate|i:1490781317;ses_kcfinder|a:2:{s:8:\"disabled\";b:0;s:9:\"uploadURL\";s:20:\"../../content_upload\";}apps_id|s:1:\"1\";apps_username|s:13:\"maulayyacyber\";apps_nama|s:20:\"Fika Ridaul Maulayya\";apps_email|s:24:\"ridaulmaulayya@gmail.com\";apps_foto|s:36:\"4e8fb29ae76a2c83a6568e88fd4ae75e.jpg\";'),
('5bg4n13bk3t9q974jne7nlup0t7qjgi9','::1',1490782130,'__ci_last_regenerate|i:1490781830;ses_kcfinder|a:2:{s:8:\"disabled\";b:0;s:9:\"uploadURL\";s:20:\"../../content_upload\";}apps_id|s:1:\"1\";apps_username|s:13:\"maulayyacyber\";apps_nama|s:20:\"Fika Ridaul Maulayya\";apps_email|s:24:\"ridaulmaulayya@gmail.com\";apps_foto|s:36:\"4e8fb29ae76a2c83a6568e88fd4ae75e.jpg\";'),
('o51sfpedcjerpftdeg1j4rsete7q2of7','::1',1490783816,'__ci_last_regenerate|i:1490782138;ses_kcfinder|a:2:{s:8:\"disabled\";b:0;s:9:\"uploadURL\";s:20:\"../../content_upload\";}apps_id|s:1:\"1\";apps_username|s:13:\"maulayyacyber\";apps_nama|s:20:\"Fika Ridaul Maulayya\";apps_email|s:24:\"ridaulmaulayya@gmail.com\";apps_foto|s:36:\"4e8fb29ae76a2c83a6568e88fd4ae75e.jpg\";member_id|s:1:\"5\";member_email|s:16:\"freddy@gmail.com\";member_nama|s:14:\"Freddy Sidaruk\";member_foto|s:36:\"40667f0fe3ea9e3171531f612952bca0.png\";'),
('t67br2u69s05j8qsjf8sed5sj2rneopg','::1',1490788465,''),
('lk0mc04hvb36gf96mi5i19i93ial2ulc','::1',1490792811,''),
('fhdko3pptbr5mtdls462mii6kr6ie6fr','::1',1490793093,'__ci_last_regenerate|i:1490792890;'),
('sb0kfjd67t891t74t8sv2ldc2tl5ognr','::1',1490836432,''),
('fdl75jisv590q82gmde0stiq5ku17sj9','::1',1490840315,''),
('116gav92u0kf46v5rlsh5nff8ci2l008','::1',1490843347,''),
('ip6lq46ujufj0qsla6vtsene68mg2rru','::1',1490853872,''),
('mi76p8btl282v9o1f423stoko00mtbte','::1',1490885424,''),
('0fvijl5l51ijptuq1hhs9m67gnso9fgs','::1',1490885714,''),
('c1e46261letv1eoe2mu00g5easmh516k','::1',1490886394,''),
('gak5g0jqb1t535kgv6r66d7tghh9led6','::1',1490918646,''),
('47u6ck2kkv3vnblml7878uk28fg9no7c','::1',1490925633,''),
('b8p7g1k947bg7v1nef6detth02naetf4','::1',1490929674,''),
('629rl8p5qmrf53c9ajuau3ou7r6cgvgn','::1',1490929756,''),
('3909sng3ehnl67l6ofrsnka25fo96kt7','::1',1490930323,''),
('24js9mt2lbvdese0p8edc0rao62i4jci','::1',1490931235,''),
('rpm9sok1l4ev2frbe8td0hc4r8bhdbip','::1',1490931575,''),
('f3pb65k4e9h15e36jaob2ioeoe8rk71f','::1',1490952833,''),
('7n82kv6crrl4qtistn1vkvp9soel5hd5','::1',1490963028,''),
('lbtg4nhp7hms3okkuadeheue5e6k3sst','::1',1490964151,''),
('loovit0tgkjvua0gg46a8ev1fefgh7s0','::1',1491018707,''),
('kdjud43oaq56qhufv0hhnt2sac24at6k','::1',1491019178,''),
('tkm834vpbkf2l8se4i7sfr0jelmghtr3','::1',1491054982,'__ci_last_regenerate|i:1491054951;'),
('kpjgib6uk815fpncp3nfsh55pho2h0jb','::1',1491057250,'__ci_last_regenerate|i:1491057250;'),
('mbjfhhgq1rg2urmgsnium9930a7nl9re','::1',1491057250,'__ci_last_regenerate|i:1491057250;'),
('m0kha6aankmq7agsqtp95021lvl59nqr','::1',1491057250,'__ci_last_regenerate|i:1491057250;'),
('rk4foicj1i8p5icc4pqk5qtqfrctj0qd','::1',1491127530,'__ci_last_regenerate|i:1491127278;ses_kcfinder|a:2:{s:8:\"disabled\";b:0;s:9:\"uploadURL\";s:20:\"../../content_upload\";}apps_id|s:1:\"1\";apps_username|s:13:\"maulayyacyber\";apps_nama|s:20:\"Fika Ridaul Maulayya\";apps_email|s:24:\"ridaulmaulayya@gmail.com\";apps_foto|s:36:\"4e8fb29ae76a2c83a6568e88fd4ae75e.jpg\";member_id|s:1:\"1\";member_email|s:24:\"ridaulmaulayya@gmail.com\";member_nama|s:20:\"Fika Ridaul Maulayya\";member_foto|s:0:\"\";'),
('il0j17ttk9qiprpo4dbmjni41khpjpn5','::1',1491127303,'__ci_last_regenerate|i:1491127293;ses_kcfinder|a:2:{s:8:\"disabled\";b:0;s:9:\"uploadURL\";s:20:\"../../content_upload\";}apps_id|s:1:\"1\";apps_username|s:13:\"maulayyacyber\";apps_nama|s:20:\"Fika Ridaul Maulayya\";apps_email|s:24:\"ridaulmaulayya@gmail.com\";apps_foto|s:36:\"4e8fb29ae76a2c83a6568e88fd4ae75e.jpg\";'),
('te2judvg5tectjin6sa4lnnqcm46vnta','::1',1491127836,'__ci_last_regenerate|i:1491127828;ses_kcfinder|a:2:{s:8:\"disabled\";b:0;s:9:\"uploadURL\";s:20:\"../../content_upload\";}apps_id|s:1:\"1\";apps_username|s:13:\"maulayyacyber\";apps_nama|s:20:\"Fika Ridaul Maulayya\";apps_email|s:24:\"ridaulmaulayya@gmail.com\";apps_foto|s:36:\"4e8fb29ae76a2c83a6568e88fd4ae75e.jpg\";member_id|s:1:\"1\";member_email|s:24:\"ridaulmaulayya@gmail.com\";member_nama|s:20:\"Fika Ridaul Maulayya\";member_foto|s:0:\"\";'),
('ctl1iv4t0bsralsdkaeof0ndl1o8qva0','::1',1491128294,'__ci_last_regenerate|i:1491128176;ses_kcfinder|a:2:{s:8:\"disabled\";b:0;s:9:\"uploadURL\";s:20:\"../../content_upload\";}apps_id|s:1:\"1\";apps_username|s:13:\"maulayyacyber\";apps_nama|s:20:\"Fika Ridaul Maulayya\";apps_email|s:24:\"ridaulmaulayya@gmail.com\";apps_foto|s:36:\"4e8fb29ae76a2c83a6568e88fd4ae75e.jpg\";member_id|s:1:\"1\";member_email|s:24:\"ridaulmaulayya@gmail.com\";member_nama|s:20:\"Fika Ridaul Maulayya\";member_foto|s:0:\"\";'),
('djm275u43uak5t0vd4i5o373pu15apk7','::1',1491128652,'__ci_last_regenerate|i:1491128585;ses_kcfinder|a:2:{s:8:\"disabled\";b:0;s:9:\"uploadURL\";s:20:\"../../content_upload\";}apps_id|s:1:\"1\";apps_username|s:13:\"maulayyacyber\";apps_nama|s:20:\"Fika Ridaul Maulayya\";apps_email|s:24:\"ridaulmaulayya@gmail.com\";apps_foto|s:36:\"4e8fb29ae76a2c83a6568e88fd4ae75e.jpg\";member_id|s:1:\"1\";member_email|s:24:\"ridaulmaulayya@gmail.com\";member_nama|s:20:\"Fika Ridaul Maulayya\";member_foto|s:0:\"\";'),
('akmsmka4c5me4mh3fhvheaq2r5c32f79','::1',1491129135,'__ci_last_regenerate|i:1491128897;ses_kcfinder|a:2:{s:8:\"disabled\";b:0;s:9:\"uploadURL\";s:20:\"../../content_upload\";}apps_id|s:1:\"1\";apps_username|s:13:\"maulayyacyber\";apps_nama|s:20:\"Fika Ridaul Maulayya\";apps_email|s:24:\"ridaulmaulayya@gmail.com\";apps_foto|s:36:\"4e8fb29ae76a2c83a6568e88fd4ae75e.jpg\";member_id|s:1:\"1\";member_email|s:24:\"ridaulmaulayya@gmail.com\";member_nama|s:20:\"Fika Ridaul Maulayya\";member_foto|s:0:\"\";'),
('3b1ro2pj9bloe1l45j8an2v1mpdijbin','::1',1491129510,'__ci_last_regenerate|i:1491129293;ses_kcfinder|a:2:{s:8:\"disabled\";b:0;s:9:\"uploadURL\";s:20:\"../../content_upload\";}apps_id|s:1:\"1\";apps_username|s:13:\"maulayyacyber\";apps_nama|s:20:\"Fika Ridaul Maulayya\";apps_email|s:24:\"ridaulmaulayya@gmail.com\";apps_foto|s:36:\"4e8fb29ae76a2c83a6568e88fd4ae75e.jpg\";member_id|s:1:\"1\";member_email|s:24:\"ridaulmaulayya@gmail.com\";member_nama|s:20:\"Fika Ridaul Maulayya\";member_foto|s:0:\"\";'),
('l8nfuktqgumvcpt5h17icvnk9ebeb67d','::1',1491129898,'__ci_last_regenerate|i:1491129668;member_id|s:1:\"1\";member_email|s:24:\"ridaulmaulayya@gmail.com\";member_nama|s:20:\"Fika Ridaul Maulayya\";member_foto|s:0:\"\";'),
('ugc68vq3qve0q2ltfil687bn6cm5pgr9','::1',1491133309,'__ci_last_regenerate|i:1491133142;member_id|s:1:\"1\";member_email|s:24:\"ridaulmaulayya@gmail.com\";member_nama|s:20:\"Fika Ridaul Maulayya\";member_foto|s:0:\"\";'),
('sir927vv3jiek7gr1rlddn19fg57souc','::1',1491134101,'__ci_last_regenerate|i:1491133811;member_id|s:1:\"1\";member_email|s:24:\"ridaulmaulayya@gmail.com\";member_nama|s:20:\"Fika Ridaul Maulayya\";member_foto|s:0:\"\";'),
('7tmhenjikd346gf1kutkuru07kifk6vi','::1',1491134404,'__ci_last_regenerate|i:1491134215;member_id|s:1:\"1\";member_email|s:24:\"ridaulmaulayya@gmail.com\";member_nama|s:20:\"Fika Ridaul Maulayya\";member_foto|s:0:\"\";'),
('h9nht7i9e8fmom4eaakhrj869pl59208','::1',1491134792,'__ci_last_regenerate|i:1491134531;member_id|s:1:\"1\";member_email|s:24:\"ridaulmaulayya@gmail.com\";member_nama|s:20:\"Fika Ridaul Maulayya\";member_foto|s:0:\"\";'),
('flq665hu0li65hr3o4ihj17m8ld2u0cg','::1',1491135141,'__ci_last_regenerate|i:1491134901;member_id|s:1:\"1\";member_email|s:24:\"ridaulmaulayya@gmail.com\";member_nama|s:20:\"Fika Ridaul Maulayya\";member_foto|s:0:\"\";'),
('aibiqhantfhj7fuqv4pe525vnjqui59t','::1',1491134969,'__ci_last_regenerate|i:1491134962;'),
('f8li52afrogkfhdat3bqit5pn9ea4qva','::1',1491135478,'__ci_last_regenerate|i:1491135245;member_id|s:1:\"1\";member_email|s:24:\"ridaulmaulayya@gmail.com\";member_nama|s:20:\"Fika Ridaul Maulayya\";member_foto|s:0:\"\";'),
('tlp52cd9perj7lnm8l2ldrugvos84ckk','::1',1491135774,'__ci_last_regenerate|i:1491135551;member_id|s:1:\"1\";member_email|s:24:\"ridaulmaulayya@gmail.com\";member_nama|s:20:\"Fika Ridaul Maulayya\";member_foto|s:0:\"\";ses_kcfinder|a:2:{s:8:\"disabled\";b:0;s:9:\"uploadURL\";s:20:\"../../content_upload\";}apps_id|s:1:\"1\";apps_username|s:13:\"maulayyacyber\";apps_nama|s:20:\"Fika Ridaul Maulayya\";apps_email|s:24:\"ridaulmaulayya@gmail.com\";apps_foto|s:36:\"4e8fb29ae76a2c83a6568e88fd4ae75e.jpg\";'),
('9o5n781gdff19015o26u990lnmo3rfae','::1',1491136151,'__ci_last_regenerate|i:1491135879;member_id|s:1:\"1\";member_email|s:24:\"ridaulmaulayya@gmail.com\";member_nama|s:20:\"Fika Ridaul Maulayya\";member_foto|s:0:\"\";ses_kcfinder|a:2:{s:8:\"disabled\";b:0;s:9:\"uploadURL\";s:20:\"../../content_upload\";}apps_id|s:1:\"1\";apps_username|s:13:\"maulayyacyber\";apps_nama|s:20:\"Fika Ridaul Maulayya\";apps_email|s:24:\"ridaulmaulayya@gmail.com\";apps_foto|s:36:\"4e8fb29ae76a2c83a6568e88fd4ae75e.jpg\";'),
('mvsrj9atvnng1a8s1eda7ec8gi7qmp1n','::1',1491136489,'__ci_last_regenerate|i:1491136188;member_id|s:1:\"1\";member_email|s:24:\"ridaulmaulayya@gmail.com\";member_nama|s:20:\"Fika Ridaul Maulayya\";member_foto|s:0:\"\";ses_kcfinder|a:2:{s:8:\"disabled\";b:0;s:9:\"uploadURL\";s:20:\"../../content_upload\";}apps_id|s:1:\"1\";apps_username|s:13:\"maulayyacyber\";apps_nama|s:20:\"Fika Ridaul Maulayya\";apps_email|s:24:\"ridaulmaulayya@gmail.com\";apps_foto|s:36:\"4e8fb29ae76a2c83a6568e88fd4ae75e.jpg\";'),
('47bhnhfp2f2756r1n77hauslvue1sldn','::1',1491136767,'__ci_last_regenerate|i:1491136489;member_id|s:1:\"1\";member_email|s:24:\"ridaulmaulayya@gmail.com\";member_nama|s:20:\"Fika Ridaul Maulayya\";member_foto|s:0:\"\";ses_kcfinder|a:2:{s:8:\"disabled\";b:0;s:9:\"uploadURL\";s:20:\"../../content_upload\";}apps_id|s:1:\"1\";apps_username|s:13:\"maulayyacyber\";apps_nama|s:20:\"Fika Ridaul Maulayya\";apps_email|s:24:\"ridaulmaulayya@gmail.com\";apps_foto|s:36:\"4e8fb29ae76a2c83a6568e88fd4ae75e.jpg\";'),
('vjce59feijc6t625opupnbeddcnv5848','::1',1491140379,'__ci_last_regenerate|i:1491140314;member_id|s:1:\"1\";member_email|s:24:\"ridaulmaulayya@gmail.com\";member_nama|s:20:\"Fika Ridaul Maulayya\";member_foto|s:0:\"\";ses_kcfinder|a:2:{s:8:\"disabled\";b:0;s:9:\"uploadURL\";s:20:\"../../content_upload\";}apps_id|s:1:\"1\";apps_username|s:13:\"maulayyacyber\";apps_nama|s:20:\"Fika Ridaul Maulayya\";apps_email|s:24:\"ridaulmaulayya@gmail.com\";apps_foto|s:36:\"4e8fb29ae76a2c83a6568e88fd4ae75e.jpg\";'),
('epda0tqele2q5in7b9jpi3dhvk94olif','::1',1491144741,''),
('balhlifps86ebimb5lab7g2p8bl611tn','::1',1491174839,''),
('447lbbhvvm6n36o5arfplgu17o0j0c0b','::1',1491174978,''),
('01pv4sn68v3bt6tfid0ig5afk5jlimmo','::1',1491185261,''),
('bqhrg7jsbku00e21saokh0le5b78q7f9','::1',1491186295,''),
('nvgejdldia9nkbm4hho2ulbaarv02vh3','::1',1491186388,''),
('akbdpsgjq080u4hc1noqkeh5gmogefat','::1',1491188008,''),
('l08pcf9nsrn4t9kvraje8qcdppderq67','::1',1491188688,''),
('gq9eljtovlne11jmv4epd8bi6rbie3dc','::1',1491193260,''),
('fioie7akdf69156q0785qjetk6m15vfr','::1',1491195626,''),
('mocf4v84n0h6b56en6h57gguifahm4tt','::1',1491270187,''),
('91lv60pu865drvhh82lh8p1198i5jv15','::1',1491270255,''),
('qid91f0f4824ounalltpfiiv4k3q6om8','::1',1491271367,''),
('k0u2a6fqkh39cmlpple03fo1l1so0v9i','::1',1491272660,''),
('iv800r1s4mefegtbge1mq6r6vd4pv0fk','::1',1491273034,''),
('le8sv828ofg039bv5datchsert1l8t6q','::1',1491275617,''),
('r98nqv1p89171jt4ucqff72e90kvn7uv','::1',1491275902,''),
('k35ceu0uv98qf1s5fffn34vbaibc4up2','::1',1491276386,''),
('2q5a3a8e1rnqj1dc2lkqlmned05fe8gn','::1',1491277963,''),
('o4f0hsft7dqepvckimiquqf25qfj3lr1','::1',1491322100,'__ci_last_regenerate|i:1491321931;ses_kcfinder|a:2:{s:8:\"disabled\";b:0;s:9:\"uploadURL\";s:20:\"../../content_upload\";}apps_id|s:1:\"1\";apps_username|s:13:\"maulayyacyber\";apps_nama|s:20:\"Fika Ridaul Maulayya\";apps_email|s:24:\"ridaulmaulayya@gmail.com\";apps_foto|s:36:\"4e8fb29ae76a2c83a6568e88fd4ae75e.jpg\";'),
('usvae8jnab4unagranqj11550nvkoau7','::1',1491322240,'__ci_last_regenerate|i:1491322233;ses_kcfinder|a:2:{s:8:\"disabled\";b:0;s:9:\"uploadURL\";s:20:\"../../content_upload\";}apps_id|s:1:\"1\";apps_username|s:13:\"maulayyacyber\";apps_nama|s:20:\"Fika Ridaul Maulayya\";apps_email|s:24:\"ridaulmaulayya@gmail.com\";apps_foto|s:36:\"4e8fb29ae76a2c83a6568e88fd4ae75e.jpg\";notif|s:276:\"<div class=\"alert alert-success alert-dismissible\" style=\"font-family:Roboto\">\n			                                                    <i class=\"fa fa-exclamation-circle\"></i> Success ! Email Undangan Berhasil Terkirim.\n			                                                </div>\";__ci_vars|a:1:{s:5:\"notif\";s:3:\"old\";}'),
('3irpmh69pvo9ln01gr8iac8249vgq43j','::1',1491391766,''),
('pn6mdkqtpkh11qmi5cd25sbm06s4ud64','::1',1491392334,'__ci_last_regenerate|i:1491392142;ses_kcfinder|a:2:{s:8:\"disabled\";b:0;s:9:\"uploadURL\";s:20:\"../../content_upload\";}apps_id|s:1:\"1\";apps_username|s:13:\"maulayyacyber\";apps_nama|s:20:\"Fika Ridaul Maulayya\";apps_email|s:24:\"ridaulmaulayya@gmail.com\";apps_foto|s:36:\"4e8fb29ae76a2c83a6568e88fd4ae75e.jpg\";member_id|s:1:\"1\";member_email|s:24:\"ridaulmaulayya@gmail.com\";member_nama|s:20:\"Fika Ridaul Maulayya\";member_foto|s:0:\"\";'),
('gofmrktf7a7ghjec1gtjid7tei69kbf7','::1',1491392783,'__ci_last_regenerate|i:1491392635;'),
('begac5go9arksbsj2frrtg5ffnceongu','::1',1491392998,'__ci_last_regenerate|i:1491392992;'),
('rtj6bje4t0ttdh5j77l7a2l8sm8sj65q','::1',1491393715,'__ci_last_regenerate|i:1491393454;'),
('fbq1btg19c8vhtp8e957mho3pkeh6tfg','::1',1491394018,'__ci_last_regenerate|i:1491393794;member_id|s:1:\"1\";member_email|s:24:\"ridaulmaulayya@gmail.com\";member_nama|s:20:\"Fika Ridaul Maulayya\";member_foto|s:0:\"\";'),
('ffiv1uasj8cgjrgl63n2m0be6rcf37to','::1',1491394301,'__ci_last_regenerate|i:1491394113;member_id|s:1:\"1\";member_email|s:24:\"ridaulmaulayya@gmail.com\";member_nama|s:20:\"Fika Ridaul Maulayya\";member_foto|s:0:\"\";'),
('iodej46ou7a6p98n6fuqdefbsofpn6eu','::1',1491394840,'__ci_last_regenerate|i:1491394568;member_id|s:1:\"1\";member_email|s:24:\"ridaulmaulayya@gmail.com\";member_nama|s:20:\"Fika Ridaul Maulayya\";member_foto|s:0:\"\";'),
('uqdqdfgn7rqrnojbs771nahgakj4nr22','::1',1491395306,'__ci_last_regenerate|i:1491395278;member_id|s:1:\"1\";member_email|s:24:\"ridaulmaulayya@gmail.com\";member_nama|s:20:\"Fika Ridaul Maulayya\";member_foto|s:0:\"\";'),
('pdumsr1f5l2979ujlsf0sc8dhamti4p6','::1',1491395479,'__ci_last_regenerate|i:1491395316;member_id|s:1:\"1\";member_email|s:24:\"ridaulmaulayya@gmail.com\";member_nama|s:20:\"Fika Ridaul Maulayya\";member_foto|s:0:\"\";'),
('1pp20kf0vqtueoa3moeqj3r3f8bhkq2u','::1',1510930140,'__ci_last_regenerate|i:1510929970;'),
('acj9jthrmpce9ai978kbsn0m1568abem','::1',1510930506,'__ci_last_regenerate|i:1510930287;'),
('qvih9tg27crhfgcqhpri80ukb9t22ncf','::1',1510930945,'__ci_last_regenerate|i:1510930660;'),
('0dr2ibs5ng3isb8r5dkceco8qb52l2ts','::1',1510931346,'__ci_last_regenerate|i:1510931065;'),
('4tfc7v5pbv3k6qjeajnb8gh7c85ieu27','::1',1510931607,'__ci_last_regenerate|i:1510931367;user_id|s:1:\"1\";user_name|s:5:\"admin\";user_pass|s:32:\"21232f297a57a5a743894a0e4a801fc3\";'),
('1hb71bcfoqqp40e41f83b8vkdbsv748a','::1',1510931825,'__ci_last_regenerate|i:1510931825;');

/* Procedure structure for procedure `insert_skor` */

/*!50003 DROP PROCEDURE IF EXISTS  `insert_skor` */;

DELIMITER $$

/*!50003 CREATE DEFINER=`root`@`localhost` PROCEDURE `insert_skor`()
BEGIN       
       INSERT INTO skor_pegawai (ID_PEGAWAI, POINT)
       SELECT POINT_PEGAWAI.`ID_PEGAWAI`,POINT_PEGAWAI.`point` FROM POINT_PEGAWAI;
       
       UPDATE SKOR_PEGAWAI SET ID_INCOME = 'INC/V/2018';
       
	
END */$$
DELIMITER ;

/*Table structure for table `point_pegawai` */

DROP TABLE IF EXISTS `point_pegawai`;

/*!50001 DROP VIEW IF EXISTS `point_pegawai` */;
/*!50001 DROP TABLE IF EXISTS `point_pegawai` */;

/*!50001 CREATE TABLE  `point_pegawai`(
 `ID_PEGAWAI` int(11) ,
 `NAMA_PEGAWAI` varchar(50) ,
 `point` decimal(9,2) 
)*/;

/*Table structure for table `point_pegawai2` */

DROP TABLE IF EXISTS `point_pegawai2`;

/*!50001 DROP VIEW IF EXISTS `point_pegawai2` */;
/*!50001 DROP TABLE IF EXISTS `point_pegawai2` */;

/*!50001 CREATE TABLE  `point_pegawai2`(
 `ID_PEGAWAI` int(11) ,
 `NIK` varchar(20) ,
 `NAMA_PEGAWAI` varchar(50) ,
 `POINT_LEVEL` decimal(4,2) ,
 `POINT_KARIR` decimal(4,2) ,
 `POINT_RISIKO` decimal(4,2) ,
 `POINT_KET` decimal(4,2) ,
 `POINT_INTENSITAS` decimal(4,2) ,
 `POINT_ABSENSI` decimal(4,2) 
)*/;

/*View structure for view point_pegawai */

/*!50001 DROP TABLE IF EXISTS `point_pegawai` */;
/*!50001 DROP VIEW IF EXISTS `point_pegawai` */;

/*!50001 CREATE ALGORITHM=UNDEFINED DEFINER=`root`@`localhost` SQL SECURITY DEFINER VIEW `point_pegawai` AS (select `mstr_pegawai`.`ID_PEGAWAI` AS `ID_PEGAWAI`,`mstr_pegawai`.`NAMA_PEGAWAI` AS `NAMA_PEGAWAI`,(((((`mstr_level`.`POINT_LEVEL` + `mstr_karir`.`POINT_KARIR`) + `mstr_risiko_kerja`.`POINT_RISIKO`) + `mstr_ket_khusus`.`POINT_KET`) + `mstr_intensitas`.`POINT_INTENSITAS`) + `mstr_absensi`.`POINT_ABSENSI`) AS `point` from ((((((`mstr_level` left join `mstr_pegawai` on((`mstr_level`.`ID_LEVEL` = `mstr_pegawai`.`ID_LEVEL`))) left join `mstr_karir` on((`mstr_karir`.`ID_KARIR` = `mstr_pegawai`.`ID_KARIR`))) left join `mstr_risiko_kerja` on((`mstr_risiko_kerja`.`ID_RISIKO` = `mstr_pegawai`.`ID_RISIKO`))) left join `mstr_ket_khusus` on((`mstr_ket_khusus`.`ID_KET` = `mstr_pegawai`.`ID_KET`))) left join `mstr_intensitas` on((`mstr_intensitas`.`ID_INTENSITAS` = `mstr_pegawai`.`ID_INTENSITAS`))) left join `mstr_absensi` on((`mstr_absensi`.`ID_ABSENSI` = `mstr_pegawai`.`ID_ABSENSI`))) where (`mstr_pegawai`.`STATUS` = 'Y')) */;

/*View structure for view point_pegawai2 */

/*!50001 DROP TABLE IF EXISTS `point_pegawai2` */;
/*!50001 DROP VIEW IF EXISTS `point_pegawai2` */;

/*!50001 CREATE ALGORITHM=UNDEFINED DEFINER=`root`@`localhost` SQL SECURITY DEFINER VIEW `point_pegawai2` AS (select `mstr_pegawai`.`ID_PEGAWAI` AS `ID_PEGAWAI`,`mstr_pegawai`.`NIK` AS `NIK`,`mstr_pegawai`.`NAMA_PEGAWAI` AS `NAMA_PEGAWAI`,`mstr_level`.`POINT_LEVEL` AS `POINT_LEVEL`,`mstr_karir`.`POINT_KARIR` AS `POINT_KARIR`,`mstr_risiko_kerja`.`POINT_RISIKO` AS `POINT_RISIKO`,`mstr_ket_khusus`.`POINT_KET` AS `POINT_KET`,`mstr_intensitas`.`POINT_INTENSITAS` AS `POINT_INTENSITAS`,`mstr_absensi`.`POINT_ABSENSI` AS `POINT_ABSENSI` from ((((((`mstr_pegawai` left join `mstr_level` on((`mstr_pegawai`.`ID_LEVEL` = `mstr_level`.`ID_LEVEL`))) left join `mstr_karir` on((`mstr_pegawai`.`ID_KARIR` = `mstr_karir`.`ID_KARIR`))) left join `mstr_risiko_kerja` on((`mstr_pegawai`.`ID_RISIKO` = `mstr_risiko_kerja`.`ID_RISIKO`))) left join `mstr_ket_khusus` on((`mstr_pegawai`.`ID_KET` = `mstr_ket_khusus`.`ID_KET`))) left join `mstr_intensitas` on((`mstr_pegawai`.`ID_INTENSITAS` = `mstr_intensitas`.`ID_INTENSITAS`))) left join `mstr_absensi` on((`mstr_pegawai`.`ID_ABSENSI` = `mstr_absensi`.`ID_ABSENSI`))) where (`mstr_pegawai`.`STATUS` = 'Y')) */;

/*!40101 SET SQL_MODE=@OLD_SQL_MODE */;
/*!40014 SET FOREIGN_KEY_CHECKS=@OLD_FOREIGN_KEY_CHECKS */;
/*!40014 SET UNIQUE_CHECKS=@OLD_UNIQUE_CHECKS */;
/*!40111 SET SQL_NOTES=@OLD_SQL_NOTES */;
